"DATE","TIME PERIOD","AAA yield curve - 3-year spot rate (YC.B.U2.EUR.4F.G_N_A.SV_C_YM.SR_3Y)"
"2004-09-06","06 Sep 2004","2.951578"
"2004-09-07","07 Sep 2004","2.987293"
"2004-09-08","08 Sep 2004","3.016998"
"2004-09-09","09 Sep 2004","2.945649"
"2004-09-10","10 Sep 2004","2.884699"
"2004-09-13","13 Sep 2004","2.931473"
"2004-09-14","14 Sep 2004","2.915005"
"2004-09-15","15 Sep 2004","2.915615"
"2004-09-16","16 Sep 2004","2.927106"
"2004-09-17","17 Sep 2004","2.879662"
"2004-09-20","20 Sep 2004","2.875060"
"2004-09-21","21 Sep 2004","2.888546"
"2004-09-22","22 Sep 2004","2.880112"
"2004-09-23","23 Sep 2004","2.798287"
"2004-09-24","24 Sep 2004","2.854775"
"2004-09-27","27 Sep 2004","2.829084"
"2004-09-28","28 Sep 2004","2.821410"
"2004-09-29","29 Sep 2004","2.861330"
"2004-09-30","30 Sep 2004","2.867430"
"2004-10-01","01 Oct 2004","2.845806"
"2004-10-04","04 Oct 2004","2.884031"
"2004-10-05","05 Oct 2004","2.852482"
"2004-10-06","06 Oct 2004","2.848189"
"2004-10-07","07 Oct 2004","2.848801"
"2004-10-08","08 Oct 2004","2.773488"
"2004-10-11","11 Oct 2004","2.773875"
"2004-10-12","12 Oct 2004","2.731156"
"2004-10-13","13 Oct 2004","2.751566"
"2004-10-14","14 Oct 2004","2.726095"
"2004-10-15","15 Oct 2004","2.693215"
"2004-10-18","18 Oct 2004","2.694778"
"2004-10-19","19 Oct 2004","2.712177"
"2004-10-20","20 Oct 2004","2.667576"
"2004-10-21","21 Oct 2004","2.675800"
"2004-10-22","22 Oct 2004","2.686210"
"2004-10-25","25 Oct 2004","2.640650"
"2004-10-26","26 Oct 2004","2.635689"
"2004-10-27","27 Oct 2004","2.645699"
"2004-10-28","28 Oct 2004","2.732585"
"2004-10-29","29 Oct 2004","2.695416"
"2004-11-01","01 Nov 2004","2.686932"
"2004-11-02","02 Nov 2004","2.719760"
"2004-11-03","03 Nov 2004","2.718806"
"2004-11-04","04 Nov 2004","2.717692"
"2004-11-05","05 Nov 2004","2.717006"
"2004-11-08","08 Nov 2004","2.717994"
"2004-11-09","09 Nov 2004","2.721625"
"2004-11-10","10 Nov 2004","2.698463"
"2004-11-11","11 Nov 2004","2.656364"
"2004-11-12","12 Nov 2004","2.645196"
"2004-11-15","15 Nov 2004","2.626528"
"2004-11-16","16 Nov 2004","2.648538"
"2004-11-17","17 Nov 2004","2.656309"
"2004-11-18","18 Nov 2004","2.692585"
"2004-11-19","19 Nov 2004","2.673010"
"2004-11-22","22 Nov 2004","2.645787"
"2004-11-23","23 Nov 2004","2.638826"
"2004-11-24","24 Nov 2004","2.611430"
"2004-11-25","25 Nov 2004","2.588445"
"2004-11-26","26 Nov 2004","2.587684"
"2004-11-29","29 Nov 2004","2.629081"
"2004-11-30","30 Nov 2004","2.602114"
"2004-12-01","01 Dec 2004","2.575263"
"2004-12-02","02 Dec 2004","2.625966"
"2004-12-03","03 Dec 2004","2.592001"
"2004-12-06","06 Dec 2004","2.535126"
"2004-12-07","07 Dec 2004","2.517069"
"2004-12-08","08 Dec 2004","2.543835"
"2004-12-09","09 Dec 2004","2.500800"
"2004-12-10","10 Dec 2004","2.506470"
"2004-12-13","13 Dec 2004","2.513019"
"2004-12-14","14 Dec 2004","2.514069"
"2004-12-15","15 Dec 2004","2.494442"
"2004-12-16","16 Dec 2004","2.551825"
"2004-12-17","17 Dec 2004","2.605417"
"2004-12-20","20 Dec 2004","2.562206"
"2004-12-21","21 Dec 2004","2.610941"
"2004-12-22","22 Dec 2004","2.637200"
"2004-12-23","23 Dec 2004","2.600310"
"2004-12-24","24 Dec 2004","2.574635"
"2004-12-27","27 Dec 2004","2.620147"
"2004-12-28","28 Dec 2004","2.591752"
"2004-12-29","29 Dec 2004","2.693374"
"2004-12-30","30 Dec 2004","2.687755"
"2004-12-31","31 Dec 2004","2.688053"
"2005-01-03","03 Jan 2005","2.626467"
"2005-01-04","04 Jan 2005","2.667102"
"2005-01-05","05 Jan 2005","2.694019"
"2005-01-06","06 Jan 2005","2.622265"
"2005-01-07","07 Jan 2005","2.593648"
"2005-01-10","10 Jan 2005","2.592692"
"2005-01-11","11 Jan 2005","2.608846"
"2005-01-12","12 Jan 2005","2.614930"
"2005-01-13","13 Jan 2005","2.563967"
"2005-01-14","14 Jan 2005","2.578805"
"2005-01-17","17 Jan 2005","2.562330"
"2005-01-18","18 Jan 2005","2.586282"
"2005-01-19","19 Jan 2005","2.568586"
"2005-01-20","20 Jan 2005","2.604797"
"2005-01-21","21 Jan 2005","2.595577"
"2005-01-24","24 Jan 2005","2.566692"
"2005-01-25","25 Jan 2005","2.555797"
"2005-01-26","26 Jan 2005","2.592519"
"2005-01-27","27 Jan 2005","2.631861"
"2005-01-28","28 Jan 2005","2.582345"
"2005-01-31","31 Jan 2005","2.589752"
"2005-02-01","01 Feb 2005","2.589037"
"2005-02-02","02 Feb 2005","2.595542"
"2005-02-03","03 Feb 2005","2.626177"
"2005-02-04","04 Feb 2005","2.595021"
"2005-02-07","07 Feb 2005","2.603731"
"2005-02-08","08 Feb 2005","2.624141"
"2005-02-09","09 Feb 2005","2.586574"
"2005-02-10","10 Feb 2005","2.560554"
"2005-02-11","11 Feb 2005","2.560324"
"2005-02-14","14 Feb 2005","2.587545"
"2005-02-15","15 Feb 2005","2.611044"
"2005-02-16","16 Feb 2005","2.597852"
"2005-02-17","17 Feb 2005","2.659310"
"2005-02-18","18 Feb 2005","2.699083"
"2005-02-21","21 Feb 2005","2.716202"
"2005-02-22","22 Feb 2005","2.706684"
"2005-02-23","23 Feb 2005","2.685476"
"2005-02-24","24 Feb 2005","2.700727"
"2005-02-25","25 Feb 2005","2.736093"
"2005-02-28","28 Feb 2005","2.719380"
"2005-03-01","01 Mar 2005","2.721600"
"2005-03-02","02 Mar 2005","2.741965"
"2005-03-03","03 Mar 2005","2.709568"
"2005-03-04","04 Mar 2005","2.663355"
"2005-03-07","07 Mar 2005","2.633438"
"2005-03-08","08 Mar 2005","2.644414"
"2005-03-09","09 Mar 2005","2.687025"
"2005-03-10","10 Mar 2005","2.679931"
"2005-03-11","11 Mar 2005","2.674637"
"2005-03-14","14 Mar 2005","2.695569"
"2005-03-15","15 Mar 2005","2.666355"
"2005-03-16","16 Mar 2005","2.711469"
"2005-03-17","17 Mar 2005","2.696422"
"2005-03-18","18 Mar 2005","2.724179"
"2005-03-21","21 Mar 2005","2.747720"
"2005-03-22","22 Mar 2005","2.735300"
"2005-03-23","23 Mar 2005","2.772353"
"2005-03-24","24 Mar 2005","2.759082"
"2005-03-29","29 Mar 2005","2.766054"
"2005-03-30","30 Mar 2005","2.748904"
"2005-03-31","31 Mar 2005","2.687684"
"2005-04-01","01 Apr 2005","2.625168"
"2005-04-04","04 Apr 2005","2.634167"
"2005-04-05","05 Apr 2005","2.633941"
"2005-04-06","06 Apr 2005","2.620564"
"2005-04-07","07 Apr 2005","2.588953"
"2005-04-08","08 Apr 2005","2.586508"
"2005-04-11","11 Apr 2005","2.576642"
"2005-04-12","12 Apr 2005","2.582418"
"2005-04-13","13 Apr 2005","2.566379"
"2005-04-14","14 Apr 2005","2.571114"
"2005-04-15","15 Apr 2005","2.519032"
"2005-04-18","18 Apr 2005","2.516842"
"2005-04-19","19 Apr 2005","2.484041"
"2005-04-20","20 Apr 2005","2.481189"
"2005-04-21","21 Apr 2005","2.497218"
"2005-04-22","22 Apr 2005","2.481159"
"2005-04-25","25 Apr 2005","2.475839"
"2005-04-26","26 Apr 2005","2.463440"
"2005-04-27","27 Apr 2005","2.445438"
"2005-04-28","28 Apr 2005","2.428995"
"2005-04-29","29 Apr 2005","2.436539"
"2005-05-02","02 May 2005","2.410317"
"2005-05-03","03 May 2005","2.387702"
"2005-05-04","04 May 2005","2.409495"
"2005-05-05","05 May 2005","2.397679"
"2005-05-06","06 May 2005","2.426586"
"2005-05-09","09 May 2005","2.435640"
"2005-05-10","10 May 2005","2.383212"
"2005-05-11","11 May 2005","2.375087"
"2005-05-12","12 May 2005","2.387742"
"2005-05-13","13 May 2005","2.378680"
"2005-05-16","16 May 2005","2.386329"
"2005-05-17","17 May 2005","2.387596"
"2005-05-18","18 May 2005","2.376074"
"2005-05-19","19 May 2005","2.388781"
"2005-05-20","20 May 2005","2.433233"
"2005-05-23","23 May 2005","2.419675"
"2005-05-24","24 May 2005","2.368376"
"2005-05-25","25 May 2005","2.340588"
"2005-05-26","26 May 2005","2.362364"
"2005-05-27","27 May 2005","2.347929"
"2005-05-30","30 May 2005","2.346389"
"2005-05-31","31 May 2005","2.326885"
"2005-06-01","01 Jun 2005","2.265147"
"2005-06-02","02 Jun 2005","2.271921"
"2005-06-03","03 Jun 2005","2.234325"
"2005-06-06","06 Jun 2005","2.248501"
"2005-06-07","07 Jun 2005","2.207939"
"2005-06-08","08 Jun 2005","2.174350"
"2005-06-09","09 Jun 2005","2.196562"
"2005-06-10","10 Jun 2005","2.221557"
"2005-06-13","13 Jun 2005","2.219660"
"2005-06-14","14 Jun 2005","2.226626"
"2005-06-15","15 Jun 2005","2.293898"
"2005-06-16","16 Jun 2005","2.338278"
"2005-06-17","17 Jun 2005","2.323167"
"2005-06-20","20 Jun 2005","2.299027"
"2005-06-21","21 Jun 2005","2.210288"
"2005-06-22","22 Jun 2005","2.161612"
"2005-06-23","23 Jun 2005","2.172307"
"2005-06-24","24 Jun 2005","2.168036"
"2005-06-27","27 Jun 2005","2.152040"
"2005-06-28","28 Jun 2005","2.177368"
"2005-06-29","29 Jun 2005","2.152704"
"2005-06-30","30 Jun 2005","2.164064"
"2005-07-01","01 Jul 2005","2.178499"
"2005-07-04","04 Jul 2005","2.234843"
"2005-07-05","05 Jul 2005","2.299398"
"2005-07-06","06 Jul 2005","2.304364"
"2005-07-07","07 Jul 2005","2.251789"
"2005-07-08","08 Jul 2005","2.258351"
"2005-07-11","11 Jul 2005","2.290110"
"2005-07-12","12 Jul 2005","2.306176"
"2005-07-13","13 Jul 2005","2.325658"
"2005-07-14","14 Jul 2005","2.348954"
"2005-07-15","15 Jul 2005","2.358475"
"2005-07-18","18 Jul 2005","2.334284"
"2005-07-19","19 Jul 2005","2.351612"
"2005-07-20","20 Jul 2005","2.367696"
"2005-07-21","21 Jul 2005","2.337149"
"2005-07-22","22 Jul 2005","2.309966"
"2005-07-25","25 Jul 2005","2.308674"
"2005-07-26","26 Jul 2005","2.333203"
"2005-07-27","27 Jul 2005","2.322054"
"2005-07-28","28 Jul 2005","2.338028"
"2005-07-29","29 Jul 2005","2.344170"
"2005-08-01","01 Aug 2005","2.397565"
"2005-08-02","02 Aug 2005","2.396400"
"2005-08-03","03 Aug 2005","2.423957"
"2005-08-04","04 Aug 2005","2.422877"
"2005-08-05","05 Aug 2005","2.464700"
"2005-08-08","08 Aug 2005","2.470891"
"2005-08-09","09 Aug 2005","2.469731"
"2005-08-10","10 Aug 2005","2.458264"
"2005-08-11","11 Aug 2005","2.451708"
"2005-08-12","12 Aug 2005","2.410485"
"2005-08-15","15 Aug 2005","2.378207"
"2005-08-16","16 Aug 2005","2.351443"
"2005-08-17","17 Aug 2005","2.335730"
"2005-08-18","18 Aug 2005","2.321361"
"2005-08-19","19 Aug 2005","2.325514"
"2005-08-22","22 Aug 2005","2.337868"
"2005-08-23","23 Aug 2005","2.338518"
"2005-08-24","24 Aug 2005","2.334386"
"2005-08-25","25 Aug 2005","2.316791"
"2005-08-26","26 Aug 2005","2.329597"
"2005-08-29","29 Aug 2005","2.337459"
"2005-08-30","30 Aug 2005","2.361129"
"2005-08-31","31 Aug 2005","2.307821"
"2005-09-01","01 Sep 2005","2.265513"
"2005-09-02","02 Sep 2005","2.236763"
"2005-09-05","05 Sep 2005","2.226928"
"2005-09-06","06 Sep 2005","2.256418"
"2005-09-07","07 Sep 2005","2.263914"
"2005-09-08","08 Sep 2005","2.253593"
"2005-09-09","09 Sep 2005","2.259701"
"2005-09-12","12 Sep 2005","2.310141"
"2005-09-13","13 Sep 2005","2.309280"
"2005-09-14","14 Sep 2005","2.309055"
"2005-09-15","15 Sep 2005","2.340097"
"2005-09-16","16 Sep 2005","2.357667"
"2005-09-19","19 Sep 2005","2.346956"
"2005-09-20","20 Sep 2005","2.319966"
"2005-09-21","21 Sep 2005","2.297803"
"2005-09-22","22 Sep 2005","2.291810"
"2005-09-23","23 Sep 2005","2.339696"
"2005-09-26","26 Sep 2005","2.390133"
"2005-09-27","27 Sep 2005","2.388510"
"2005-09-28","28 Sep 2005","2.428496"
"2005-09-29","29 Sep 2005","2.469399"
"2005-09-30","30 Sep 2005","2.470716"
"2005-10-03","03 Oct 2005","2.521676"
"2005-10-04","04 Oct 2005","2.489129"
"2005-10-05","05 Oct 2005","2.492620"
"2005-10-06","06 Oct 2005","2.500159"
"2005-10-07","07 Oct 2005","2.533294"
"2005-10-10","10 Oct 2005","2.523651"
"2005-10-11","11 Oct 2005","2.535029"
"2005-10-12","12 Oct 2005","2.547509"
"2005-10-13","13 Oct 2005","2.572697"
"2005-10-14","14 Oct 2005","2.566008"
"2005-10-17","17 Oct 2005","2.597783"
"2005-10-18","18 Oct 2005","2.595583"
"2005-10-19","19 Oct 2005","2.557591"
"2005-10-20","20 Oct 2005","2.611771"
"2005-10-21","21 Oct 2005","2.576674"
"2005-10-24","24 Oct 2005","2.564816"
"2005-10-25","25 Oct 2005","2.609752"
"2005-10-26","26 Oct 2005","2.697980"
"2005-10-27","27 Oct 2005","2.691031"
"2005-10-28","28 Oct 2005","2.712997"
"2005-10-31","31 Oct 2005","2.712961"
"2005-11-01","01 Nov 2005","2.742287"
"2005-11-02","02 Nov 2005","2.796720"
"2005-11-03","03 Nov 2005","2.788384"
"2005-11-04","04 Nov 2005","2.777478"
"2005-11-07","07 Nov 2005","2.835698"
"2005-11-08","08 Nov 2005","2.822670"
"2005-11-09","09 Nov 2005","2.860572"
"2005-11-10","10 Nov 2005","2.865202"
"2005-11-11","11 Nov 2005","2.848998"
"2005-11-14","14 Nov 2005","2.833435"
"2005-11-15","15 Nov 2005","2.855255"
"2005-11-16","16 Nov 2005","2.776000"
"2005-11-17","17 Nov 2005","2.812583"
"2005-11-18","18 Nov 2005","2.923004"
"2005-11-21","21 Nov 2005","2.921086"
"2005-11-22","22 Nov 2005","2.888261"
"2005-11-23","23 Nov 2005","2.855902"
"2005-11-24","24 Nov 2005","2.791035"
"2005-11-25","25 Nov 2005","2.798379"
"2005-11-28","28 Nov 2005","2.831757"
"2005-11-29","29 Nov 2005","2.831036"
"2005-11-30","30 Nov 2005","2.863432"
"2005-12-01","01 Dec 2005","2.782018"
"2005-12-02","02 Dec 2005","2.794794"
"2005-12-05","05 Dec 2005","2.796607"
"2005-12-06","06 Dec 2005","2.789181"
"2005-12-07","07 Dec 2005","2.792330"
"2005-12-08","08 Dec 2005","2.802404"
"2005-12-09","09 Dec 2005","2.860804"
"2005-12-12","12 Dec 2005","2.866157"
"2005-12-13","13 Dec 2005","2.872790"
"2005-12-14","14 Dec 2005","2.861463"
"2005-12-15","15 Dec 2005","2.869279"
"2005-12-16","16 Dec 2005","2.857564"
"2005-12-19","19 Dec 2005","2.865469"
"2005-12-20","20 Dec 2005","2.885228"
"2005-12-21","21 Dec 2005","2.925513"
"2005-12-22","22 Dec 2005","2.935669"
"2005-12-23","23 Dec 2005","2.936217"
"2005-12-27","27 Dec 2005","2.926689"
"2005-12-28","28 Dec 2005","2.897463"
"2005-12-29","29 Dec 2005","2.913111"
"2005-12-30","30 Dec 2005","2.860879"
"2006-01-02","02 Jan 2006","2.933648"
"2006-01-03","03 Jan 2006","2.924937"
"2006-01-04","04 Jan 2006","2.835698"
"2006-01-05","05 Jan 2006","2.807574"
"2006-01-06","06 Jan 2006","2.813964"
"2006-01-09","09 Jan 2006","2.816639"
"2006-01-10","10 Jan 2006","2.856582"
"2006-01-11","11 Jan 2006","2.891025"
"2006-01-12","12 Jan 2006","2.856750"
"2006-01-13","13 Jan 2006","2.855139"
"2006-01-16","16 Jan 2006","2.855703"
"2006-01-17","17 Jan 2006","2.841873"
"2006-01-18","18 Jan 2006","2.884082"
"2006-01-19","19 Jan 2006","2.934372"
"2006-01-20","20 Jan 2006","2.937585"
"2006-01-23","23 Jan 2006","2.958741"
"2006-01-24","24 Jan 2006","2.956110"
"2006-01-25","25 Jan 2006","2.977538"
"2006-01-26","26 Jan 2006","2.978983"
"2006-01-27","27 Jan 2006","3.005069"
"2006-01-30","30 Jan 2006","3.039384"
"2006-01-31","31 Jan 2006","3.043113"
"2006-02-01","01 Feb 2006","3.051136"
"2006-02-02","02 Feb 2006","3.085464"
"2006-02-03","03 Feb 2006","3.066979"
"2006-02-06","06 Feb 2006","3.033531"
"2006-02-07","07 Feb 2006","3.022349"
"2006-02-08","08 Feb 2006","3.031783"
"2006-02-09","09 Feb 2006","3.035065"
"2006-02-10","10 Feb 2006","2.993547"
"2006-02-13","13 Feb 2006","3.026388"
"2006-02-14","14 Feb 2006","3.032187"
"2006-02-15","15 Feb 2006","3.008731"
"2006-02-16","16 Feb 2006","3.040260"
"2006-02-17","17 Feb 2006","3.009514"
"2006-02-20","20 Feb 2006","2.978047"
"2006-02-21","21 Feb 2006","3.010111"
"2006-02-22","22 Feb 2006","3.010247"
"2006-02-23","23 Feb 2006","3.056930"
"2006-02-24","24 Feb 2006","3.073285"
"2006-02-27","27 Feb 2006","3.102608"
"2006-02-28","28 Feb 2006","3.108477"
"2006-03-01","01 Mar 2006","3.124614"
"2006-03-02","02 Mar 2006","3.166255"
"2006-03-03","03 Mar 2006","3.208404"
"2006-03-06","06 Mar 2006","3.205438"
"2006-03-07","07 Mar 2006","3.211939"
"2006-03-08","08 Mar 2006","3.227533"
"2006-03-09","09 Mar 2006","3.225674"
"2006-03-10","10 Mar 2006","3.249733"
"2006-03-13","13 Mar 2006","3.264790"
"2006-03-14","14 Mar 2006","3.230920"
"2006-03-15","15 Mar 2006","3.260047"
"2006-03-16","16 Mar 2006","3.277498"
"2006-03-17","17 Mar 2006","3.310656"
"2006-03-20","20 Mar 2006","3.276585"
"2006-03-21","21 Mar 2006","3.289571"
"2006-03-22","22 Mar 2006","3.262247"
"2006-03-23","23 Mar 2006","3.259307"
"2006-03-24","24 Mar 2006","3.262999"
"2006-03-27","27 Mar 2006","3.234381"
"2006-03-28","28 Mar 2006","3.331391"
"2006-03-29","29 Mar 2006","3.358181"
"2006-03-30","30 Mar 2006","3.385707"
"2006-03-31","31 Mar 2006","3.384993"
"2006-04-03","03 Apr 2006","3.430912"
"2006-04-04","04 Apr 2006","3.412256"
"2006-04-05","05 Apr 2006","3.397484"
"2006-04-06","06 Apr 2006","3.367374"
"2006-04-07","07 Apr 2006","3.380488"
"2006-04-10","10 Apr 2006","3.400414"
"2006-04-11","11 Apr 2006","3.389481"
"2006-04-12","12 Apr 2006","3.388160"
"2006-04-13","13 Apr 2006","3.447969"
"2006-04-18","18 Apr 2006","3.444657"
"2006-04-19","19 Apr 2006","3.436481"
"2006-04-20","20 Apr 2006","3.427647"
"2006-04-21","21 Apr 2006","3.416417"
"2006-04-24","24 Apr 2006","3.430114"
"2006-04-25","25 Apr 2006","3.496824"
"2006-04-26","26 Apr 2006","3.527035"
"2006-04-27","27 Apr 2006","3.525869"
"2006-04-28","28 Apr 2006","3.517858"
"2006-05-02","02 May 2006","3.516892"
"2006-05-03","03 May 2006","3.508468"
"2006-05-04","04 May 2006","3.535314"
"2006-05-05","05 May 2006","3.504697"
"2006-05-08","08 May 2006","3.516986"
"2006-05-09","09 May 2006","3.541607"
"2006-05-10","10 May 2006","3.516316"
"2006-05-11","11 May 2006","3.556728"
"2006-05-12","12 May 2006","3.522597"
"2006-05-15","15 May 2006","3.473174"
"2006-05-16","16 May 2006","3.442146"
"2006-05-17","17 May 2006","3.468654"
"2006-05-18","18 May 2006","3.432077"
"2006-05-19","19 May 2006","3.418036"
"2006-05-22","22 May 2006","3.361803"
"2006-05-23","23 May 2006","3.374459"
"2006-05-24","24 May 2006","3.361039"
"2006-05-25","25 May 2006","3.357119"
"2006-05-26","26 May 2006","3.360174"
"2006-05-29","29 May 2006","3.385098"
"2006-05-30","30 May 2006","3.424126"
"2006-05-31","31 May 2006","3.470412"
"2006-06-01","01 Jun 2006","3.494492"
"2006-06-02","02 Jun 2006","3.456909"
"2006-06-05","05 Jun 2006","3.474919"
"2006-06-06","06 Jun 2006","3.528963"
"2006-06-07","07 Jun 2006","3.542567"
"2006-06-08","08 Jun 2006","3.504455"
"2006-06-09","09 Jun 2006","3.442299"
"2006-06-12","12 Jun 2006","3.426919"
"2006-06-13","13 Jun 2006","3.400140"
"2006-06-14","14 Jun 2006","3.428880"
"2006-06-15","15 Jun 2006","3.477203"
"2006-06-16","16 Jun 2006","3.462362"
"2006-06-19","19 Jun 2006","3.505319"
"2006-06-20","20 Jun 2006","3.522298"
"2006-06-21","21 Jun 2006","3.563063"
"2006-06-22","22 Jun 2006","3.573575"
"2006-06-23","23 Jun 2006","3.605511"
"2006-06-26","26 Jun 2006","3.632953"
"2006-06-27","27 Jun 2006","3.659627"
"2006-06-28","28 Jun 2006","3.657588"
"2006-06-29","29 Jun 2006","3.628773"
"2006-06-30","30 Jun 2006","3.652194"
"2006-07-03","03 Jul 2006","3.648406"
"2006-07-04","04 Jul 2006","3.638915"
"2006-07-05","05 Jul 2006","3.682707"
"2006-07-06","06 Jul 2006","3.684369"
"2006-07-07","07 Jul 2006","3.666282"
"2006-07-10","10 Jul 2006","3.677190"
"2006-07-11","11 Jul 2006","3.652541"
"2006-07-12","12 Jul 2006","3.672696"
"2006-07-13","13 Jul 2006","3.630766"
"2006-07-14","14 Jul 2006","3.573918"
"2006-07-17","17 Jul 2006","3.584766"
"2006-07-18","18 Jul 2006","3.615614"
"2006-07-19","19 Jul 2006","3.637505"
"2006-07-20","20 Jul 2006","3.606020"
"2006-07-21","21 Jul 2006","3.566454"
"2006-07-24","24 Jul 2006","3.567226"
"2006-07-25","25 Jul 2006","3.557858"
"2006-07-26","26 Jul 2006","3.602036"
"2006-07-27","27 Jul 2006","3.550684"
"2006-07-28","28 Jul 2006","3.536523"
"2006-07-31","31 Jul 2006","3.558813"
"2006-08-01","01 Aug 2006","3.562555"
"2006-08-02","02 Aug 2006","3.555288"
"2006-08-03","03 Aug 2006","3.602731"
"2006-08-04","04 Aug 2006","3.553676"
"2006-08-07","07 Aug 2006","3.557667"
"2006-08-08","08 Aug 2006","3.557168"
"2006-08-09","09 Aug 2006","3.581035"
"2006-08-10","10 Aug 2006","3.572006"
"2006-08-11","11 Aug 2006","3.622328"
"2006-08-14","14 Aug 2006","3.661049"
"2006-08-15","15 Aug 2006","3.630699"
"2006-08-16","16 Aug 2006","3.621531"
"2006-08-17","17 Aug 2006","3.607515"
"2006-08-18","18 Aug 2006","3.621437"
"2006-08-21","21 Aug 2006","3.586378"
"2006-08-22","22 Aug 2006","3.507077"
"2006-08-23","23 Aug 2006","3.507648"
"2006-08-24","24 Aug 2006","3.489390"
"2006-08-25","25 Aug 2006","3.483414"
"2006-08-28","28 Aug 2006","3.484336"
"2006-08-29","29 Aug 2006","3.504418"
"2006-08-30","30 Aug 2006","3.499455"
"2006-08-31","31 Aug 2006","3.504271"
"2006-09-01","01 Sep 2006","3.491017"
"2006-09-04","04 Sep 2006","3.487905"
"2006-09-05","05 Sep 2006","3.512771"
"2006-09-06","06 Sep 2006","3.563203"
"2006-09-07","07 Sep 2006","3.591249"
"2006-09-08","08 Sep 2006","3.549739"
"2006-09-11","11 Sep 2006","3.586228"
"2006-09-12","12 Sep 2006","3.609166"
"2006-09-13","13 Sep 2006","3.600241"
"2006-09-14","14 Sep 2006","3.599695"
"2006-09-15","15 Sep 2006","3.578328"
"2006-09-18","18 Sep 2006","3.643147"
"2006-09-19","19 Sep 2006","3.598982"
"2006-09-20","20 Sep 2006","3.580441"
"2006-09-21","21 Sep 2006","3.589846"
"2006-09-22","22 Sep 2006","3.497582"
"2006-09-25","25 Sep 2006","3.442423"
"2006-09-26","26 Sep 2006","3.455694"
"2006-09-27","27 Sep 2006","3.468811"
"2006-09-28","28 Sep 2006","3.498237"
"2006-09-29","29 Sep 2006","3.504719"
"2006-10-02","02 Oct 2006","3.529074"
"2006-10-03","03 Oct 2006","3.459195"
"2006-10-04","04 Oct 2006","3.450989"
"2006-10-05","05 Oct 2006","3.450107"
"2006-10-06","06 Oct 2006","3.458646"
"2006-10-09","09 Oct 2006","3.493855"
"2006-10-10","10 Oct 2006","3.523309"
"2006-10-11","11 Oct 2006","3.538768"
"2006-10-12","12 Oct 2006","3.536407"
"2006-10-13","13 Oct 2006","3.556642"
"2006-10-16","16 Oct 2006","3.550132"
"2006-10-17","17 Oct 2006","3.526747"
"2006-10-18","18 Oct 2006","3.529298"
"2006-10-19","19 Oct 2006","3.554718"
"2006-10-20","20 Oct 2006","3.571999"
"2006-10-23","23 Oct 2006","3.604086"
"2006-10-24","24 Oct 2006","3.609206"
"2006-10-25","25 Oct 2006","3.621392"
"2006-10-26","26 Oct 2006","3.614121"
"2006-10-27","27 Oct 2006","3.583209"
"2006-10-30","30 Oct 2006","3.579615"
"2006-10-31","31 Oct 2006","3.628585"
"2006-11-01","01 Nov 2006","3.562532"
"2006-11-02","02 Nov 2006","3.580531"
"2006-11-03","03 Nov 2006","3.617854"
"2006-11-06","06 Nov 2006","3.650952"
"2006-11-07","07 Nov 2006","3.627844"
"2006-11-08","08 Nov 2006","3.634965"
"2006-11-09","09 Nov 2006","3.646227"
"2006-11-10","10 Nov 2006","3.600474"
"2006-11-13","13 Nov 2006","3.610794"
"2006-11-14","14 Nov 2006","3.595652"
"2006-11-15","15 Nov 2006","3.623612"
"2006-11-16","16 Nov 2006","3.619628"
"2006-11-17","17 Nov 2006","3.623088"
"2006-11-20","20 Nov 2006","3.589271"
"2006-11-21","21 Nov 2006","3.597818"
"2006-11-22","22 Nov 2006","3.584272"
"2006-11-23","23 Nov 2006","3.617107"
"2006-11-24","24 Nov 2006","3.577121"
"2006-11-27","27 Nov 2006","3.592012"
"2006-11-28","28 Nov 2006","3.554518"
"2006-11-29","29 Nov 2006","3.563439"
"2006-11-30","30 Nov 2006","3.573321"
"2006-12-01","01 Dec 2006","3.562039"
"2006-12-04","04 Dec 2006","3.522809"
"2006-12-05","05 Dec 2006","3.532759"
"2006-12-06","06 Dec 2006","3.564553"
"2006-12-07","07 Dec 2006","3.588747"
"2006-12-08","08 Dec 2006","3.595921"
"2006-12-11","11 Dec 2006","3.640741"
"2006-12-12","12 Dec 2006","3.645259"
"2006-12-13","13 Dec 2006","3.652094"
"2006-12-14","14 Dec 2006","3.694726"
"2006-12-15","15 Dec 2006","3.687745"
"2006-12-18","18 Dec 2006","3.730170"
"2006-12-19","19 Dec 2006","3.751637"
"2006-12-20","20 Dec 2006","3.761676"
"2006-12-21","21 Dec 2006","3.773621"
"2006-12-22","22 Dec 2006","3.779165"
"2006-12-27","27 Dec 2006","3.812153"
"2006-12-28","28 Dec 2006","3.815768"
"2006-12-29","29 Dec 2006","3.825040"
"2007-01-02","02 Jan 2007","3.800106"
"2007-01-03","03 Jan 2007","3.791280"
"2007-01-04","04 Jan 2007","3.800422"
"2007-01-05","05 Jan 2007","3.839985"
"2007-01-08","08 Jan 2007","3.830728"
"2007-01-09","09 Jan 2007","3.836657"
"2007-01-10","10 Jan 2007","3.857517"
"2007-01-11","11 Jan 2007","3.832937"
"2007-01-12","12 Jan 2007","3.862837"
"2007-01-15","15 Jan 2007","3.867424"
"2007-01-16","16 Jan 2007","3.860781"
"2007-01-17","17 Jan 2007","3.862492"
"2007-01-18","18 Jan 2007","3.899739"
"2007-01-19","19 Jan 2007","3.883395"
"2007-01-22","22 Jan 2007","3.880282"
"2007-01-23","23 Jan 2007","3.874314"
"2007-01-24","24 Jan 2007","3.890877"
"2007-01-25","25 Jan 2007","3.901135"
"2007-01-26","26 Jan 2007","3.938253"
"2007-01-29","29 Jan 2007","3.940180"
"2007-01-30","30 Jan 2007","3.925207"
"2007-01-31","31 Jan 2007","3.930544"
"2007-02-01","01 Feb 2007","3.884144"
"2007-02-02","02 Feb 2007","3.881775"
"2007-02-05","05 Feb 2007","3.841949"
"2007-02-06","06 Feb 2007","3.853235"
"2007-02-07","07 Feb 2007","3.858480"
"2007-02-08","08 Feb 2007","3.890272"
"2007-02-09","09 Feb 2007","3.910893"
"2007-02-12","12 Feb 2007","3.920541"
"2007-02-13","13 Feb 2007","3.927937"
"2007-02-14","14 Feb 2007","3.916386"
"2007-02-15","15 Feb 2007","3.878101"
"2007-02-16","16 Feb 2007","3.876736"
"2007-02-19","19 Feb 2007","3.906624"
"2007-02-20","20 Feb 2007","3.916363"
"2007-02-21","21 Feb 2007","3.907598"
"2007-02-22","22 Feb 2007","3.919365"
"2007-02-23","23 Feb 2007","3.907186"
"2007-02-26","26 Feb 2007","3.863965"
"2007-02-27","27 Feb 2007","3.835720"
"2007-02-28","28 Feb 2007","3.788514"
"2007-03-01","01 Mar 2007","3.789771"
"2007-03-02","02 Mar 2007","3.774211"
"2007-03-05","05 Mar 2007","3.744985"
"2007-03-06","06 Mar 2007","3.779256"
"2007-03-07","07 Mar 2007","3.784767"
"2007-03-08","08 Mar 2007","3.795053"
"2007-03-09","09 Mar 2007","3.821779"
"2007-03-12","12 Mar 2007","3.814643"
"2007-03-13","13 Mar 2007","3.804407"
"2007-03-14","14 Mar 2007","3.777988"
"2007-03-15","15 Mar 2007","3.795213"
"2007-03-16","16 Mar 2007","3.811582"
"2007-03-19","19 Mar 2007","3.845167"
"2007-03-20","20 Mar 2007","3.833404"
"2007-03-21","21 Mar 2007","3.842766"
"2007-03-22","22 Mar 2007","3.816249"
"2007-03-23","23 Mar 2007","3.868245"
"2007-03-26","26 Mar 2007","3.879605"
"2007-03-27","27 Mar 2007","3.894722"
"2007-03-28","28 Mar 2007","3.901170"
"2007-03-29","29 Mar 2007","3.920618"
"2007-03-30","30 Mar 2007","3.932365"
"2007-04-02","02 Apr 2007","3.956157"
"2007-04-03","03 Apr 2007","3.968073"
"2007-04-04","04 Apr 2007","3.947791"
"2007-04-05","05 Apr 2007","3.954474"
"2007-04-10","10 Apr 2007","3.999434"
"2007-04-11","11 Apr 2007","4.011187"
"2007-04-12","12 Apr 2007","4.035737"
"2007-04-13","13 Apr 2007","4.053976"
"2007-04-16","16 Apr 2007","4.054693"
"2007-04-17","17 Apr 2007","4.043004"
"2007-04-18","18 Apr 2007","4.030530"
"2007-04-19","19 Apr 2007","4.050108"
"2007-04-20","20 Apr 2007","4.069011"
"2007-04-23","23 Apr 2007","4.062078"
"2007-04-24","24 Apr 2007","4.041821"
"2007-04-25","25 Apr 2007","4.058531"
"2007-04-26","26 Apr 2007","4.069209"
"2007-04-27","27 Apr 2007","4.095032"
"2007-04-30","30 Apr 2007","4.061433"
"2007-05-02","02 May 2007","4.089529"
"2007-05-03","03 May 2007","4.105221"
"2007-05-04","04 May 2007","4.068958"
"2007-05-07","07 May 2007","4.106872"
"2007-05-08","08 May 2007","4.085017"
"2007-05-09","09 May 2007","4.098365"
"2007-05-10","10 May 2007","4.095324"
"2007-05-11","11 May 2007","4.070283"
"2007-05-14","14 May 2007","4.136268"
"2007-05-15","15 May 2007","4.163532"
"2007-05-16","16 May 2007","4.193981"
"2007-05-17","17 May 2007","4.194922"
"2007-05-18","18 May 2007","4.202234"
"2007-05-21","21 May 2007","4.215065"
"2007-05-22","22 May 2007","4.218831"
"2007-05-23","23 May 2007","4.243821"
"2007-05-24","24 May 2007","4.249593"
"2007-05-25","25 May 2007","4.261764"
"2007-05-28","28 May 2007","4.262128"
"2007-05-29","29 May 2007","4.288833"
"2007-05-30","30 May 2007","4.289086"
"2007-05-31","31 May 2007","4.320312"
"2007-06-01","01 Jun 2007","4.344091"
"2007-06-04","04 Jun 2007","4.351076"
"2007-06-05","05 Jun 2007","4.368859"
"2007-06-06","06 Jun 2007","4.349208"
"2007-06-07","07 Jun 2007","4.384093"
"2007-06-08","08 Jun 2007","4.394417"
"2007-06-11","11 Jun 2007","4.391016"
"2007-06-12","12 Jun 2007","4.435633"
"2007-06-13","13 Jun 2007","4.464584"
"2007-06-14","14 Jun 2007","4.432627"
"2007-06-15","15 Jun 2007","4.461297"
"2007-06-18","18 Jun 2007","4.454842"
"2007-06-19","19 Jun 2007","4.411472"
"2007-06-20","20 Jun 2007","4.466039"
"2007-06-21","21 Jun 2007","4.439861"
"2007-06-22","22 Jun 2007","4.458635"
"2007-06-25","25 Jun 2007","4.404351"
"2007-06-26","26 Jun 2007","4.405088"
"2007-06-27","27 Jun 2007","4.371947"
"2007-06-28","28 Jun 2007","4.402418"
"2007-06-29","29 Jun 2007","4.408348"
"2007-07-02","02 Jul 2007","4.391922"
"2007-07-03","03 Jul 2007","4.383613"
"2007-07-04","04 Jul 2007","4.436699"
"2007-07-05","05 Jul 2007","4.474250"
"2007-07-06","06 Jul 2007","4.513942"
"2007-07-09","09 Jul 2007","4.496055"
"2007-07-10","10 Jul 2007","4.442827"
"2007-07-11","11 Jul 2007","4.406990"
"2007-07-12","12 Jul 2007","4.461276"
"2007-07-13","13 Jul 2007","4.467072"
"2007-07-16","16 Jul 2007","4.462026"
"2007-07-17","17 Jul 2007","4.469090"
"2007-07-18","18 Jul 2007","4.469324"
"2007-07-19","19 Jul 2007","4.470261"
"2007-07-20","20 Jul 2007","4.382240"
"2007-07-23","23 Jul 2007","4.358803"
"2007-07-24","24 Jul 2007","4.355357"
"2007-07-25","25 Jul 2007","4.348286"
"2007-07-26","26 Jul 2007","4.287450"
"2007-07-27","27 Jul 2007","4.242871"
"2007-07-30","30 Jul 2007","4.222406"
"2007-07-31","31 Jul 2007","4.272272"
"2007-08-01","01 Aug 2007","4.254367"
"2007-08-02","02 Aug 2007","4.294508"
"2007-08-03","03 Aug 2007","4.252649"
"2007-08-06","06 Aug 2007","4.234393"
"2007-08-07","07 Aug 2007","4.263130"
"2007-08-08","08 Aug 2007","4.335065"
"2007-08-09","09 Aug 2007","4.252117"
"2007-08-10","10 Aug 2007","4.194265"
"2007-08-13","13 Aug 2007","4.204046"
"2007-08-14","14 Aug 2007","4.227038"
"2007-08-15","15 Aug 2007","4.114774"
"2007-08-16","16 Aug 2007","3.986173"
"2007-08-17","17 Aug 2007","3.961162"
"2007-08-20","20 Aug 2007","3.980373"
"2007-08-21","21 Aug 2007","3.864066"
"2007-08-22","22 Aug 2007","4.039890"
"2007-08-23","23 Aug 2007","4.019448"
"2007-08-24","24 Aug 2007","4.008014"
"2007-08-27","27 Aug 2007","4.048711"
"2007-08-28","28 Aug 2007","4.011100"
"2007-08-29","29 Aug 2007","3.963840"
"2007-08-30","30 Aug 2007","3.986378"
"2007-08-31","31 Aug 2007","4.054818"
"2007-09-03","03 Sep 2007","4.041219"
"2007-09-04","04 Sep 2007","4.018506"
"2007-09-05","05 Sep 2007","4.003184"
"2007-09-06","06 Sep 2007","3.981695"
"2007-09-07","07 Sep 2007","3.909231"
"2007-09-10","10 Sep 2007","3.857487"
"2007-09-11","11 Sep 2007","3.865954"
"2007-09-12","12 Sep 2007","3.907547"
"2007-09-13","13 Sep 2007","3.978377"
"2007-09-14","14 Sep 2007","3.950374"
"2007-09-17","17 Sep 2007","3.985640"
"2007-09-18","18 Sep 2007","4.032262"
"2007-09-19","19 Sep 2007","4.050795"
"2007-09-20","20 Sep 2007","4.092480"
"2007-09-21","21 Sep 2007","4.072412"
"2007-09-24","24 Sep 2007","4.067197"
"2007-09-25","25 Sep 2007","4.032567"
"2007-09-26","26 Sep 2007","4.097824"
"2007-09-27","27 Sep 2007","4.102399"
"2007-09-28","28 Sep 2007","4.071254"
"2007-10-01","01 Oct 2007","4.042474"
"2007-10-02","02 Oct 2007","4.039393"
"2007-10-03","03 Oct 2007","4.004812"
"2007-10-04","04 Oct 2007","4.007851"
"2007-10-05","05 Oct 2007","4.041837"
"2007-10-08","08 Oct 2007","4.055183"
"2007-10-09","09 Oct 2007","4.051466"
"2007-10-10","10 Oct 2007","4.102639"
"2007-10-11","11 Oct 2007","4.138068"
"2007-10-12","12 Oct 2007","4.180751"
"2007-10-15","15 Oct 2007","4.230696"
"2007-10-16","16 Oct 2007","4.203152"
"2007-10-17","17 Oct 2007","4.175917"
"2007-10-18","18 Oct 2007","4.080565"
"2007-10-19","19 Oct 2007","4.023066"
"2007-10-22","22 Oct 2007","3.980598"
"2007-10-23","23 Oct 2007","3.997656"
"2007-10-24","24 Oct 2007","3.945930"
"2007-10-25","25 Oct 2007","3.922710"
"2007-10-26","26 Oct 2007","3.954691"
"2007-10-29","29 Oct 2007","3.953752"
"2007-10-30","30 Oct 2007","3.986285"
"2007-10-31","31 Oct 2007","4.063811"
"2007-11-01","01 Nov 2007","4.019803"
"2007-11-02","02 Nov 2007","3.952860"
"2007-11-05","05 Nov 2007","3.942179"
"2007-11-06","06 Nov 2007","3.980159"
"2007-11-07","07 Nov 2007","3.926354"
"2007-11-08","08 Nov 2007","3.889850"
"2007-11-09","09 Nov 2007","3.822494"
"2007-11-12","12 Nov 2007","3.845818"
"2007-11-13","13 Nov 2007","3.854626"
"2007-11-14","14 Nov 2007","3.919629"
"2007-11-15","15 Nov 2007","3.862390"
"2007-11-16","16 Nov 2007","3.829346"
"2007-11-19","19 Nov 2007","3.789876"
"2007-11-20","20 Nov 2007","3.774396"
"2007-11-21","21 Nov 2007","3.699135"
"2007-11-22","22 Nov 2007","3.677370"
"2007-11-23","23 Nov 2007","3.714253"
"2007-11-26","26 Nov 2007","3.736375"
"2007-11-27","27 Nov 2007","3.697805"
"2007-11-28","28 Nov 2007","3.786596"
"2007-11-29","29 Nov 2007","3.771038"
"2007-11-30","30 Nov 2007","3.826147"
"2007-12-03","03 Dec 2007","3.785947"
"2007-12-04","04 Dec 2007","3.728889"
"2007-12-05","05 Dec 2007","3.747807"
"2007-12-06","06 Dec 2007","3.780775"
"2007-12-07","07 Dec 2007","3.883253"
"2007-12-10","10 Dec 2007","3.932469"
"2007-12-11","11 Dec 2007","3.939216"
"2007-12-12","12 Dec 2007","3.983353"
"2007-12-13","13 Dec 2007","4.003237"
"2007-12-14","14 Dec 2007","3.998240"
"2007-12-17","17 Dec 2007","3.996212"
"2007-12-18","18 Dec 2007","4.022157"
"2007-12-19","19 Dec 2007","3.981578"
"2007-12-20","20 Dec 2007","3.985176"
"2007-12-21","21 Dec 2007","3.993011"
"2007-12-24","24 Dec 2007","3.994482"
"2007-12-27","27 Dec 2007","4.049769"
"2007-12-28","28 Dec 2007","4.028440"
"2007-12-31","31 Dec 2007","4.026108"
"2008-01-02","02 Jan 2008","3.932382"
"2008-01-03","03 Jan 2008","3.844833"
"2008-01-04","04 Jan 2008","3.771999"
"2008-01-07","07 Jan 2008","3.791730"
"2008-01-08","08 Jan 2008","3.834981"
"2008-01-09","09 Jan 2008","3.763686"
"2008-01-10","10 Jan 2008","3.788893"
"2008-01-11","11 Jan 2008","3.753948"
"2008-01-14","14 Jan 2008","3.717259"
"2008-01-15","15 Jan 2008","3.677713"
"2008-01-16","16 Jan 2008","3.647404"
"2008-01-17","17 Jan 2008","3.581033"
"2008-01-18","18 Jan 2008","3.529952"
"2008-01-21","21 Jan 2008","3.433625"
"2008-01-22","22 Jan 2008","3.403875"
"2008-01-23","23 Jan 2008","3.372804"
"2008-01-24","24 Jan 2008","3.527739"
"2008-01-25","25 Jan 2008","3.601719"
"2008-01-28","28 Jan 2008","3.466028"
"2008-01-29","29 Jan 2008","3.504894"
"2008-01-30","30 Jan 2008","3.541378"
"2008-01-31","31 Jan 2008","3.429310"
"2008-02-01","01 Feb 2008","3.440177"
"2008-02-04","04 Feb 2008","3.435578"
"2008-02-05","05 Feb 2008","3.297274"
"2008-02-06","06 Feb 2008","3.308496"
"2008-02-07","07 Feb 2008","3.212647"
"2008-02-08","08 Feb 2008","3.184610"
"2008-02-11","11 Feb 2008","3.141044"
"2008-02-12","12 Feb 2008","3.207183"
"2008-02-13","13 Feb 2008","3.232214"
"2008-02-14","14 Feb 2008","3.288909"
"2008-02-15","15 Feb 2008","3.220934"
"2008-02-18","18 Feb 2008","3.297496"
"2008-02-19","19 Feb 2008","3.302682"
"2008-02-20","20 Feb 2008","3.338217"
"2008-02-21","21 Feb 2008","3.438585"
"2008-02-22","22 Feb 2008","3.402272"
"2008-02-25","25 Feb 2008","3.389922"
"2008-02-26","26 Feb 2008","3.447112"
"2008-02-27","27 Feb 2008","3.385644"
"2008-02-28","28 Feb 2008","3.332935"
"2008-02-29","29 Feb 2008","3.198834"
"2008-03-03","03 Mar 2008","3.195045"
"2008-03-04","04 Mar 2008","3.229671"
"2008-03-05","05 Mar 2008","3.252885"
"2008-03-06","06 Mar 2008","3.266173"
"2008-03-07","07 Mar 2008","3.257071"
"2008-03-10","10 Mar 2008","3.217171"
"2008-03-11","11 Mar 2008","3.313614"
"2008-03-12","12 Mar 2008","3.323848"
"2008-03-13","13 Mar 2008","3.245465"
"2008-03-14","14 Mar 2008","3.277076"
"2008-03-17","17 Mar 2008","3.183533"
"2008-03-18","18 Mar 2008","3.278815"
"2008-03-19","19 Mar 2008","3.353248"
"2008-03-20","20 Mar 2008","3.452075"
"2008-03-25","25 Mar 2008","3.564557"
"2008-03-26","26 Mar 2008","3.578031"
"2008-03-27","27 Mar 2008","3.560277"
"2008-03-28","28 Mar 2008","3.602129"
"2008-03-31","31 Mar 2008","3.583268"
"2008-04-01","01 Apr 2008","3.642533"
"2008-04-02","02 Apr 2008","3.644592"
"2008-04-03","03 Apr 2008","3.639915"
"2008-04-04","04 Apr 2008","3.607079"
"2008-04-07","07 Apr 2008","3.669680"
"2008-04-08","08 Apr 2008","3.667662"
"2008-04-09","09 Apr 2008","3.656783"
"2008-04-10","10 Apr 2008","3.591353"
"2008-04-11","11 Apr 2008","3.551619"
"2008-04-14","14 Apr 2008","3.582732"
"2008-04-15","15 Apr 2008","3.645994"
"2008-04-16","16 Apr 2008","3.687897"
"2008-04-17","17 Apr 2008","3.768756"
"2008-04-18","18 Apr 2008","3.902882"
"2008-04-21","21 Apr 2008","3.881193"
"2008-04-22","22 Apr 2008","3.975678"
"2008-04-23","23 Apr 2008","3.918746"
"2008-04-24","24 Apr 2008","3.908640"
"2008-04-25","25 Apr 2008","3.912168"
"2008-04-28","28 Apr 2008","3.910240"
"2008-04-29","29 Apr 2008","3.865338"
"2008-04-30","30 Apr 2008","3.851477"
"2008-05-02","02 May 2008","3.919390"
"2008-05-05","05 May 2008","3.894020"
"2008-05-06","06 May 2008","3.801812"
"2008-05-07","07 May 2008","3.841710"
"2008-05-08","08 May 2008","3.781165"
"2008-05-09","09 May 2008","3.698453"
"2008-05-12","12 May 2008","3.755673"
"2008-05-13","13 May 2008","3.858568"
"2008-05-14","14 May 2008","3.930563"
"2008-05-15","15 May 2008","3.999936"
"2008-05-16","16 May 2008","4.020638"
"2008-05-19","19 May 2008","4.004642"
"2008-05-20","20 May 2008","4.015914"
"2008-05-21","21 May 2008","4.105333"
"2008-05-22","22 May 2008","4.162569"
"2008-05-23","23 May 2008","4.174399"
"2008-05-26","26 May 2008","4.176394"
"2008-05-27","27 May 2008","4.174942"
"2008-05-28","28 May 2008","4.212660"
"2008-05-29","29 May 2008","4.306581"
"2008-05-30","30 May 2008","4.264958"
"2008-06-02","02 Jun 2008","4.229847"
"2008-06-03","03 Jun 2008","4.303828"
"2008-06-04","04 Jun 2008","4.244749"
"2008-06-05","05 Jun 2008","4.454509"
"2008-06-06","06 Jun 2008","4.519731"
"2008-06-09","09 Jun 2008","4.606766"
"2008-06-10","10 Jun 2008","4.566589"
"2008-06-11","11 Jun 2008","4.523492"
"2008-06-12","12 Jun 2008","4.580302"
"2008-06-13","13 Jun 2008","4.625051"
"2008-06-16","16 Jun 2008","4.738499"
"2008-06-17","17 Jun 2008","4.670716"
"2008-06-18","18 Jun 2008","4.661590"
"2008-06-19","19 Jun 2008","4.732749"
"2008-06-20","20 Jun 2008","4.643779"
"2008-06-23","23 Jun 2008","4.602288"
"2008-06-24","24 Jun 2008","4.557743"
"2008-06-25","25 Jun 2008","4.602333"
"2008-06-26","26 Jun 2008","4.545873"
"2008-06-27","27 Jun 2008","4.501698"
"2008-06-30","30 Jun 2008","4.636059"
"2008-07-01","01 Jul 2008","4.575980"
"2008-07-02","02 Jul 2008","4.668069"
"2008-07-03","03 Jul 2008","4.518843"
"2008-07-04","04 Jul 2008","4.470031"
"2008-07-07","07 Jul 2008","4.420296"
"2008-07-08","08 Jul 2008","4.416195"
"2008-07-09","09 Jul 2008","4.444551"
"2008-07-10","10 Jul 2008","4.418840"
"2008-07-11","11 Jul 2008","4.404153"
"2008-07-14","14 Jul 2008","4.395280"
"2008-07-15","15 Jul 2008","4.314471"
"2008-07-16","16 Jul 2008","4.362275"
"2008-07-17","17 Jul 2008","4.417871"
"2008-07-18","18 Jul 2008","4.529904"
"2008-07-21","21 Jul 2008","4.640349"
"2008-07-22","22 Jul 2008","4.594920"
"2008-07-23","23 Jul 2008","4.630237"
"2008-07-24","24 Jul 2008","4.491465"
"2008-07-25","25 Jul 2008","4.466105"
"2008-07-28","28 Jul 2008","4.410966"
"2008-07-29","29 Jul 2008","4.385601"
"2008-07-30","30 Jul 2008","4.349233"
"2008-07-31","31 Jul 2008","4.292193"
"2008-08-01","01 Aug 2008","4.270940"
"2008-08-04","04 Aug 2008","4.256444"
"2008-08-05","05 Aug 2008","4.229863"
"2008-08-06","06 Aug 2008","4.231021"
"2008-08-07","07 Aug 2008","4.081241"
"2008-08-08","08 Aug 2008","4.043791"
"2008-08-11","11 Aug 2008","4.072914"
"2008-08-12","12 Aug 2008","4.035604"
"2008-08-13","13 Aug 2008","4.004379"
"2008-08-14","14 Aug 2008","3.988026"
"2008-08-15","15 Aug 2008","3.993917"
"2008-08-18","18 Aug 2008","3.958479"
"2008-08-19","19 Aug 2008","3.893329"
"2008-08-20","20 Aug 2008","3.927360"
"2008-08-21","21 Aug 2008","4.038486"
"2008-08-22","22 Aug 2008","4.099291"
"2008-08-25","25 Aug 2008","4.002597"
"2008-08-26","26 Aug 2008","3.934912"
"2008-08-27","27 Aug 2008","4.065750"
"2008-08-28","28 Aug 2008","4.140633"
"2008-08-29","29 Aug 2008","4.094572"
"2008-09-01","01 Sep 2008","3.990867"
"2008-09-02","02 Sep 2008","4.075282"
"2008-09-03","03 Sep 2008","4.033655"
"2008-09-04","04 Sep 2008","3.988550"
"2008-09-05","05 Sep 2008","3.865441"
"2008-09-08","08 Sep 2008","3.932780"
"2008-09-09","09 Sep 2008","3.938624"
"2008-09-10","10 Sep 2008","3.928549"
"2008-09-11","11 Sep 2008","3.863857"
"2008-09-12","12 Sep 2008","3.932121"
"2008-09-15","15 Sep 2008","3.756739"
"2008-09-16","16 Sep 2008","3.699172"
"2008-09-17","17 Sep 2008","3.789969"
"2008-09-18","18 Sep 2008","3.824891"
"2008-09-19","19 Sep 2008","3.987555"
"2008-09-22","22 Sep 2008","4.103193"
"2008-09-23","23 Sep 2008","4.039923"
"2008-09-24","24 Sep 2008","3.933790"
"2008-09-25","25 Sep 2008","3.955480"
"2008-09-26","26 Sep 2008","3.865542"
"2008-09-29","29 Sep 2008","3.681027"
"2008-09-30","30 Sep 2008","3.656872"
"2008-10-01","01 Oct 2008","3.655863"
"2008-10-02","02 Oct 2008","3.564607"
"2008-10-03","03 Oct 2008","3.441967"
"2008-10-06","06 Oct 2008","3.292936"
"2008-10-07","07 Oct 2008","3.383861"
"2008-10-08","08 Oct 2008","3.290525"
"2008-10-09","09 Oct 2008","3.390813"
"2008-10-10","10 Oct 2008","3.337719"
"2008-10-13","13 Oct 2008","3.452170"
"2008-10-14","14 Oct 2008","3.541540"
"2008-10-15","15 Oct 2008","3.464035"
"2008-10-16","16 Oct 2008","3.350460"
"2008-10-17","17 Oct 2008","3.210414"
"2008-10-20","20 Oct 2008","3.258925"
"2008-10-21","21 Oct 2008","3.189202"
"2008-10-22","22 Oct 2008","3.080780"
"2008-10-23","23 Oct 2008","3.067216"
"2008-10-24","24 Oct 2008","3.040110"
"2008-10-27","27 Oct 2008","2.972157"
"2008-10-28","28 Oct 2008","2.934212"
"2008-10-29","29 Oct 2008","2.953365"
"2008-10-30","30 Oct 2008","2.966521"
"2008-10-31","31 Oct 2008","2.960594"
"2008-11-03","03 Nov 2008","3.004114"
"2008-11-04","04 Nov 2008","2.981047"
"2008-11-05","05 Nov 2008","2.958481"
"2008-11-06","06 Nov 2008","2.929094"
"2008-11-07","07 Nov 2008","2.834662"
"2008-11-10","10 Nov 2008","2.839486"
"2008-11-11","11 Nov 2008","2.796925"
"2008-11-12","12 Nov 2008","2.786643"
"2008-11-13","13 Nov 2008","2.731438"
"2008-11-14","14 Nov 2008","2.796122"
"2008-11-17","17 Nov 2008","2.750310"
"2008-11-18","18 Nov 2008","2.718502"
"2008-11-19","19 Nov 2008","2.695189"
"2008-11-20","20 Nov 2008","2.592564"
"2008-11-21","21 Nov 2008","2.629213"
"2008-11-24","24 Nov 2008","2.626740"
"2008-11-25","25 Nov 2008","2.700972"
"2008-11-26","26 Nov 2008","2.703520"
"2008-11-27","27 Nov 2008","2.724195"
"2008-11-28","28 Nov 2008","2.672679"
"2008-12-01","01 Dec 2008","2.608274"
"2008-12-02","02 Dec 2008","2.615814"
"2008-12-03","03 Dec 2008","2.630386"
"2008-12-04","04 Dec 2008","2.607912"
"2008-12-05","05 Dec 2008","2.684474"
"2008-12-08","08 Dec 2008","2.753977"
"2008-12-09","09 Dec 2008","2.846398"
"2008-12-10","10 Dec 2008","2.842785"
"2008-12-11","11 Dec 2008","2.802135"
"2008-12-12","12 Dec 2008","2.763512"
"2008-12-15","15 Dec 2008","2.773758"
"2008-12-16","16 Dec 2008","2.742155"
"2008-12-17","17 Dec 2008","2.580553"
"2008-12-18","18 Dec 2008","2.545902"
"2008-12-19","19 Dec 2008","2.477470"
"2008-12-22","22 Dec 2008","2.464999"
"2008-12-23","23 Dec 2008","2.459389"
"2008-12-24","24 Dec 2008","2.455401"
"2008-12-29","29 Dec 2008","2.443492"
"2008-12-30","30 Dec 2008","2.445610"
"2008-12-31","31 Dec 2008","2.442694"
"2009-01-02","02 Jan 2009","2.419760"
"2009-01-05","05 Jan 2009","2.372794"
"2009-01-06","06 Jan 2009","2.424985"
"2009-01-07","07 Jan 2009","2.391657"
"2009-01-08","08 Jan 2009","2.348334"
"2009-01-09","09 Jan 2009","2.259810"
"2009-01-12","12 Jan 2009","2.261809"
"2009-01-13","13 Jan 2009","2.232798"
"2009-01-14","14 Jan 2009","2.210754"
"2009-01-15","15 Jan 2009","2.233705"
"2009-01-16","16 Jan 2009","2.292528"
"2009-01-19","19 Jan 2009","2.277805"
"2009-01-20","20 Jan 2009","2.270728"
"2009-01-21","21 Jan 2009","2.271386"
"2009-01-22","22 Jan 2009","2.235971"
"2009-01-23","23 Jan 2009","2.189824"
"2009-01-26","26 Jan 2009","2.403150"
"2009-01-27","27 Jan 2009","2.453851"
"2009-01-28","28 Jan 2009","2.364326"
"2009-01-29","29 Jan 2009","2.318053"
"2009-01-30","30 Jan 2009","2.279434"
"2009-02-02","02 Feb 2009","2.210819"
"2009-02-03","03 Feb 2009","2.166549"
"2009-02-04","04 Feb 2009","2.236223"
"2009-02-05","05 Feb 2009","2.131043"
"2009-02-06","06 Feb 2009","2.141505"
"2009-02-09","09 Feb 2009","2.181185"
"2009-02-10","10 Feb 2009","2.130411"
"2009-02-11","11 Feb 2009","2.055580"
"2009-02-12","12 Feb 2009","2.013537"
"2009-02-13","13 Feb 2009","2.046161"
"2009-02-16","16 Feb 2009","1.979319"
"2009-02-17","17 Feb 2009","1.919535"
"2009-02-18","18 Feb 2009","1.935997"
"2009-02-19","19 Feb 2009","2.095916"
"2009-02-20","20 Feb 2009","2.038357"
"2009-02-23","23 Feb 2009","2.046402"
"2009-02-24","24 Feb 2009","1.986664"
"2009-02-25","25 Feb 2009","1.961577"
"2009-02-26","26 Feb 2009","2.093487"
"2009-02-27","27 Feb 2009","2.051379"
"2009-03-02","02 Mar 2009","1.981285"
"2009-03-03","03 Mar 2009","1.972480"
"2009-03-04","04 Mar 2009","1.958288"
"2009-03-05","05 Mar 2009","1.944931"
"2009-03-06","06 Mar 2009","1.953463"
"2009-03-09","09 Mar 2009","2.011325"
"2009-03-10","10 Mar 2009","2.049796"
"2009-03-11","11 Mar 2009","2.120550"
"2009-03-12","12 Mar 2009","2.057893"
"2009-03-13","13 Mar 2009","2.086474"
"2009-03-16","16 Mar 2009","2.080242"
"2009-03-17","17 Mar 2009","2.115124"
"2009-03-18","18 Mar 2009","2.141925"
"2009-03-19","19 Mar 2009","2.121473"
"2009-03-20","20 Mar 2009","2.030092"
"2009-03-23","23 Mar 2009","2.046340"
"2009-03-24","24 Mar 2009","2.102907"
"2009-03-25","25 Mar 2009","2.121848"
"2009-03-26","26 Mar 2009","2.128780"
"2009-03-27","27 Mar 2009","2.028002"
"2009-03-30","30 Mar 2009","1.979402"
"2009-03-31","31 Mar 2009","1.963572"
"2009-04-01","01 Apr 2009","1.952621"
"2009-04-02","02 Apr 2009","2.081118"
"2009-04-03","03 Apr 2009","2.141381"
"2009-04-06","06 Apr 2009","2.177827"
"2009-04-07","07 Apr 2009","2.137385"
"2009-04-08","08 Apr 2009","2.121545"
"2009-04-09","09 Apr 2009","2.122976"
"2009-04-14","14 Apr 2009","2.065475"
"2009-04-15","15 Apr 2009","2.012436"
"2009-04-16","16 Apr 2009","2.069637"
"2009-04-17","17 Apr 2009","2.108563"
"2009-04-20","20 Apr 2009","2.062151"
"2009-04-21","21 Apr 2009","2.039958"
"2009-04-22","22 Apr 2009","2.093457"
"2009-04-23","23 Apr 2009","2.090360"
"2009-04-24","24 Apr 2009","2.059535"
"2009-04-27","27 Apr 2009","1.990545"
"2009-04-28","28 Apr 2009","1.988046"
"2009-04-29","29 Apr 2009","1.976872"
"2009-04-30","30 Apr 2009","2.002186"
"2009-05-04","04 May 2009","2.003475"
"2009-05-05","05 May 2009","2.001753"
"2009-05-06","06 May 2009","1.976568"
"2009-05-07","07 May 2009","2.064809"
"2009-05-08","08 May 2009","2.004379"
"2009-05-11","11 May 2009","1.967139"
"2009-05-12","12 May 2009","2.008522"
"2009-05-13","13 May 2009","1.920611"
"2009-05-14","14 May 2009","1.928199"
"2009-05-15","15 May 2009","1.938647"
"2009-05-18","18 May 2009","1.919070"
"2009-05-19","19 May 2009","1.978538"
"2009-05-20","20 May 2009","2.033125"
"2009-05-21","21 May 2009","1.964129"
"2009-05-22","22 May 2009","2.012232"
"2009-05-25","25 May 2009","2.135165"
"2009-05-26","26 May 2009","2.124943"
"2009-05-27","27 May 2009","2.162209"
"2009-05-28","28 May 2009","2.165363"
"2009-05-29","29 May 2009","2.110949"
"2009-06-01","01 Jun 2009","2.119030"
"2009-06-02","02 Jun 2009","2.085873"
"2009-06-03","03 Jun 2009","2.035183"
"2009-06-04","04 Jun 2009","2.164654"
"2009-06-05","05 Jun 2009","2.299530"
"2009-06-08","08 Jun 2009","2.335524"
"2009-06-09","09 Jun 2009","2.318768"
"2009-06-10","10 Jun 2009","2.319887"
"2009-06-11","11 Jun 2009","2.366897"
"2009-06-12","12 Jun 2009","2.301586"
"2009-06-15","15 Jun 2009","2.252594"
"2009-06-16","16 Jun 2009","2.227752"
"2009-06-17","17 Jun 2009","2.160449"
"2009-06-18","18 Jun 2009","2.184186"
"2009-06-19","19 Jun 2009","2.166059"
"2009-06-22","22 Jun 2009","2.103244"
"2009-06-23","23 Jun 2009","2.131059"
"2009-06-24","24 Jun 2009","2.060119"
"2009-06-25","25 Jun 2009","2.007599"
"2009-06-26","26 Jun 2009","1.979353"
"2009-06-29","29 Jun 2009","2.004131"
"2009-06-30","30 Jun 2009","2.038738"
"2009-07-01","01 Jul 2009","2.011608"
"2009-07-02","02 Jul 2009","1.916986"
"2009-07-03","03 Jul 2009","1.914256"
"2009-07-06","06 Jul 2009","1.887061"
"2009-07-07","07 Jul 2009","1.898099"
"2009-07-08","08 Jul 2009","1.897984"
"2009-07-09","09 Jul 2009","1.921105"
"2009-07-10","10 Jul 2009","1.882592"
"2009-07-13","13 Jul 2009","1.876108"
"2009-07-14","14 Jul 2009","1.935006"
"2009-07-15","15 Jul 2009","1.963821"
"2009-07-16","16 Jul 2009","1.929252"
"2009-07-17","17 Jul 2009","1.956033"
"2009-07-20","20 Jul 2009","2.008842"
"2009-07-21","21 Jul 2009","1.985391"
"2009-07-22","22 Jul 2009","1.960211"
"2009-07-23","23 Jul 2009","1.954770"
"2009-07-24","24 Jul 2009","1.998341"
"2009-07-27","27 Jul 2009","2.062733"
"2009-07-28","28 Jul 2009","2.019185"
"2009-07-29","29 Jul 2009","2.001666"
"2009-07-30","30 Jul 2009","2.006625"
"2009-07-31","31 Jul 2009","1.946833"
"2009-08-03","03 Aug 2009","1.979495"
"2009-08-04","04 Aug 2009","2.011413"
"2009-08-05","05 Aug 2009","2.075297"
"2009-08-06","06 Aug 2009","2.110025"
"2009-08-07","07 Aug 2009","2.187856"
"2009-08-10","10 Aug 2009","2.182070"
"2009-08-11","11 Aug 2009","2.101128"
"2009-08-12","12 Aug 2009","2.113168"
"2009-08-13","13 Aug 2009","2.058170"
"2009-08-14","14 Aug 2009","1.991298"
"2009-08-17","17 Aug 2009","1.975917"
"2009-08-18","18 Aug 2009","1.984488"
"2009-08-19","19 Aug 2009","1.952829"
"2009-08-20","20 Aug 2009","1.955265"
"2009-08-21","21 Aug 2009","2.023798"
"2009-08-24","24 Aug 2009","2.032302"
"2009-08-25","25 Aug 2009","1.984087"
"2009-08-26","26 Aug 2009","1.959738"
"2009-08-27","27 Aug 2009","1.957851"
"2009-08-28","28 Aug 2009","1.969610"
"2009-08-31","31 Aug 2009","1.971907"
"2009-09-01","01 Sep 2009","1.955779"
"2009-09-02","02 Sep 2009","1.922015"
"2009-09-03","03 Sep 2009","1.909158"
"2009-09-04","04 Sep 2009","1.875729"
"2009-09-07","07 Sep 2009","1.855395"
"2009-09-08","08 Sep 2009","1.866468"
"2009-09-09","09 Sep 2009","1.893283"
"2009-09-10","10 Sep 2009","1.819285"
"2009-09-11","11 Sep 2009","1.806740"
"2009-09-14","14 Sep 2009","1.820782"
"2009-09-15","15 Sep 2009","1.849825"
"2009-09-16","16 Sep 2009","1.876327"
"2009-09-17","17 Sep 2009","1.912250"
"2009-09-18","18 Sep 2009","1.908861"
"2009-09-21","21 Sep 2009","1.874820"
"2009-09-22","22 Sep 2009","1.879461"
"2009-09-23","23 Sep 2009","1.892700"
"2009-09-24","24 Sep 2009","1.831920"
"2009-09-25","25 Sep 2009","1.824611"
"2009-09-28","28 Sep 2009","1.810845"
"2009-09-29","29 Sep 2009","1.841722"
"2009-09-30","30 Sep 2009","1.837505"
"2009-10-01","01 Oct 2009","1.853275"
"2009-10-02","02 Oct 2009","1.792887"
"2009-10-05","05 Oct 2009","1.791574"
"2009-10-06","06 Oct 2009","1.816376"
"2009-10-07","07 Oct 2009","1.806513"
"2009-10-08","08 Oct 2009","1.787370"
"2009-10-09","09 Oct 2009","1.911472"
"2009-10-12","12 Oct 2009","1.889100"
"2009-10-13","13 Oct 2009","1.847879"
"2009-10-14","14 Oct 2009","1.881605"
"2009-10-15","15 Oct 2009","1.943991"
"2009-10-16","16 Oct 2009","1.964506"
"2009-10-19","19 Oct 2009","1.956817"
"2009-10-20","20 Oct 2009","1.910274"
"2009-10-21","21 Oct 2009","1.937376"
"2009-10-22","22 Oct 2009","1.927407"
"2009-10-23","23 Oct 2009","1.961972"
"2009-10-26","26 Oct 2009","1.964761"
"2009-10-27","27 Oct 2009","1.882128"
"2009-10-28","28 Oct 2009","1.861587"
"2009-10-29","29 Oct 2009","1.941362"
"2009-10-30","30 Oct 2009","1.902919"
"2009-11-02","02 Nov 2009","1.872558"
"2009-11-03","03 Nov 2009","1.851013"
"2009-11-04","04 Nov 2009","1.901817"
"2009-11-05","05 Nov 2009","1.916271"
"2009-11-06","06 Nov 2009","1.924657"
"2009-11-09","09 Nov 2009","1.857060"
"2009-11-10","10 Nov 2009","1.835430"
"2009-11-11","11 Nov 2009","1.847231"
"2009-11-12","12 Nov 2009","1.853642"
"2009-11-13","13 Nov 2009","1.830479"
"2009-11-16","16 Nov 2009","1.831261"
"2009-11-17","17 Nov 2009","1.820467"
"2009-11-18","18 Nov 2009","1.822851"
"2009-11-19","19 Nov 2009","1.800174"
"2009-11-20","20 Nov 2009","1.857069"
"2009-11-23","23 Nov 2009","1.872938"
"2009-11-24","24 Nov 2009","1.831146"
"2009-11-25","25 Nov 2009","1.861186"
"2009-11-26","26 Nov 2009","1.772298"
"2009-11-27","27 Nov 2009","1.778292"
"2009-11-30","30 Nov 2009","1.783567"
"2009-12-01","01 Dec 2009","1.757507"
"2009-12-02","02 Dec 2009","1.763246"
"2009-12-03","03 Dec 2009","1.807576"
"2009-12-04","04 Dec 2009","1.866841"
"2009-12-07","07 Dec 2009","1.823393"
"2009-12-08","08 Dec 2009","1.737092"
"2009-12-09","09 Dec 2009","1.751959"
"2009-12-10","10 Dec 2009","1.775198"
"2009-12-11","11 Dec 2009","1.806421"
"2009-12-14","14 Dec 2009","1.778662"
"2009-12-15","15 Dec 2009","1.787054"
"2009-12-16","16 Dec 2009","1.762219"
"2009-12-17","17 Dec 2009","1.700491"
"2009-12-18","18 Dec 2009","1.709410"
"2009-12-21","21 Dec 2009","1.725948"
"2009-12-22","22 Dec 2009","1.744766"
"2009-12-23","23 Dec 2009","1.753348"
"2009-12-24","24 Dec 2009","1.756342"
"2009-12-28","28 Dec 2009","1.809448"
"2009-12-29","29 Dec 2009","1.846244"
"2009-12-30","30 Dec 2009","1.868993"
"2009-12-31","31 Dec 2009","1.867232"
"2010-01-04","04 Jan 2010","1.933172"
"2010-01-05","05 Jan 2010","1.899277"
"2010-01-06","06 Jan 2010","1.899524"
"2010-01-07","07 Jan 2010","1.881746"
"2010-01-08","08 Jan 2010","1.846993"
"2010-01-11","11 Jan 2010","1.818533"
"2010-01-12","12 Jan 2010","1.804147"
"2010-01-13","13 Jan 2010","1.806830"
"2010-01-14","14 Jan 2010","1.797564"
"2010-01-15","15 Jan 2010","1.755947"
"2010-01-18","18 Jan 2010","1.772624"
"2010-01-19","19 Jan 2010","1.793581"
"2010-01-20","20 Jan 2010","1.751045"
"2010-01-21","21 Jan 2010","1.752371"
"2010-01-22","22 Jan 2010","1.687897"
"2010-01-25","25 Jan 2010","1.715516"
"2010-01-26","26 Jan 2010","1.697150"
"2010-01-27","27 Jan 2010","1.695187"
"2010-01-28","28 Jan 2010","1.707572"
"2010-01-29","29 Jan 2010","1.714585"
"2010-02-01","01 Feb 2010","1.713061"
"2010-02-02","02 Feb 2010","1.747884"
"2010-02-03","03 Feb 2010","1.761929"
"2010-02-04","04 Feb 2010","1.752903"
"2010-02-05","05 Feb 2010","1.705993"
"2010-02-08","08 Feb 2010","1.669408"
"2010-02-09","09 Feb 2010","1.671497"
"2010-02-10","10 Feb 2010","1.669143"
"2010-02-11","11 Feb 2010","1.696433"
"2010-02-12","12 Feb 2010","1.659049"
"2010-02-15","15 Feb 2010","1.670652"
"2010-02-16","16 Feb 2010","1.663055"
"2010-02-17","17 Feb 2010","1.630512"
"2010-02-18","18 Feb 2010","1.628522"
"2010-02-19","19 Feb 2010","1.661736"
"2010-02-22","22 Feb 2010","1.662476"
"2010-02-23","23 Feb 2010","1.553680"
"2010-02-24","24 Feb 2010","1.571136"
"2010-02-25","25 Feb 2010","1.520990"
"2010-02-26","26 Feb 2010","1.500211"
"2010-03-01","01 Mar 2010","1.505935"
"2010-03-02","02 Mar 2010","1.493488"
"2010-03-03","03 Mar 2010","1.538325"
"2010-03-04","04 Mar 2010","1.523613"
"2010-03-05","05 Mar 2010","1.557827"
"2010-03-08","08 Mar 2010","1.549035"
"2010-03-09","09 Mar 2010","1.515043"
"2010-03-10","10 Mar 2010","1.544672"
"2010-03-11","11 Mar 2010","1.569503"
"2010-03-12","12 Mar 2010","1.606826"
"2010-03-15","15 Mar 2010","1.580897"
"2010-03-16","16 Mar 2010","1.564618"
"2010-03-17","17 Mar 2010","1.493689"
"2010-03-18","18 Mar 2010","1.526374"
"2010-03-19","19 Mar 2010","1.541680"
"2010-03-22","22 Mar 2010","1.523053"
"2010-03-23","23 Mar 2010","1.499825"
"2010-03-24","24 Mar 2010","1.525844"
"2010-03-25","25 Mar 2010","1.533415"
"2010-03-26","26 Mar 2010","1.556020"
"2010-03-29","29 Mar 2010","1.523151"
"2010-03-30","30 Mar 2010","1.533866"
"2010-03-31","31 Mar 2010","1.503521"
"2010-04-01","01 Apr 2010","1.511256"
"2010-04-06","06 Apr 2010","1.528233"
"2010-04-07","07 Apr 2010","1.514368"
"2010-04-08","08 Apr 2010","1.483264"
"2010-04-09","09 Apr 2010","1.542278"
"2010-04-12","12 Apr 2010","1.555113"
"2010-04-13","13 Apr 2010","1.506483"
"2010-04-14","14 Apr 2010","1.503430"
"2010-04-15","15 Apr 2010","1.498631"
"2010-04-16","16 Apr 2010","1.460584"
"2010-04-19","19 Apr 2010","1.435059"
"2010-04-20","20 Apr 2010","1.460582"
"2010-04-21","21 Apr 2010","1.459221"
"2010-04-22","22 Apr 2010","1.479373"
"2010-04-23","23 Apr 2010","1.484443"
"2010-04-26","26 Apr 2010","1.515916"
"2010-04-27","27 Apr 2010","1.512470"
"2010-04-28","28 Apr 2010","1.518667"
"2010-04-29","29 Apr 2010","1.491933"
"2010-04-30","30 Apr 2010","1.426210"
"2010-05-03","03 May 2010","1.439951"
"2010-05-04","04 May 2010","1.395559"
"2010-05-05","05 May 2010","1.261748"
"2010-05-06","06 May 2010","1.206098"
"2010-05-07","07 May 2010","1.130719"
"2010-05-10","10 May 2010","1.224438"
"2010-05-11","11 May 2010","1.231599"
"2010-05-12","12 May 2010","1.237127"
"2010-05-13","13 May 2010","1.223404"
"2010-05-14","14 May 2010","1.155040"
"2010-05-17","17 May 2010","1.226673"
"2010-05-18","18 May 2010","1.244113"
"2010-05-19","19 May 2010","1.233557"
"2010-05-20","20 May 2010","1.173226"
"2010-05-21","21 May 2010","1.191396"
"2010-05-24","24 May 2010","1.184620"
"2010-05-25","25 May 2010","1.185916"
"2010-05-26","26 May 2010","1.250209"
"2010-05-27","27 May 2010","1.303145"
"2010-05-28","28 May 2010","0.973656"
"2010-05-31","31 May 2010","0.955649"
"2010-06-01","01 Jun 2010","0.951765"
"2010-06-02","02 Jun 2010","0.958298"
"2010-06-03","03 Jun 2010","1.004141"
"2010-06-04","04 Jun 2010","0.975839"
"2010-06-07","07 Jun 2010","0.995316"
"2010-06-08","08 Jun 2010","0.982983"
"2010-06-09","09 Jun 2010","0.958006"
"2010-06-10","10 Jun 2010","0.981812"
"2010-06-11","11 Jun 2010","0.943438"
"2010-06-14","14 Jun 2010","0.968358"
"2010-06-15","15 Jun 2010","1.008665"
"2010-06-16","16 Jun 2010","0.996531"
"2010-06-17","17 Jun 2010","1.021495"
"2010-06-18","18 Jun 2010","1.064025"
"2010-06-21","21 Jun 2010","1.103390"
"2010-06-22","22 Jun 2010","1.086485"
"2010-06-23","23 Jun 2010","1.080756"
"2010-06-24","24 Jun 2010","1.032802"
"2010-06-25","25 Jun 2010","1.061514"
"2010-06-28","28 Jun 2010","1.058158"
"2010-06-29","29 Jun 2010","1.015523"
"2010-06-30","30 Jun 2010","1.049972"
"2010-07-01","01 Jul 2010","1.071397"
"2010-07-02","02 Jul 2010","1.068165"
"2010-07-05","05 Jul 2010","1.020904"
"2010-07-06","06 Jul 2010","1.063238"
"2010-07-07","07 Jul 2010","1.042312"
"2010-07-08","08 Jul 2010","1.102447"
"2010-07-09","09 Jul 2010","1.127132"
"2010-07-12","12 Jul 2010","1.086583"
"2010-07-13","13 Jul 2010","1.093707"
"2010-07-14","14 Jul 2010","1.146302"
"2010-07-15","15 Jul 2010","1.180926"
"2010-07-16","16 Jul 2010","1.160816"
"2010-07-19","19 Jul 2010","1.213571"
"2010-07-20","20 Jul 2010","1.170358"
"2010-07-21","21 Jul 2010","1.133014"
"2010-07-22","22 Jul 2010","1.127065"
"2010-07-23","23 Jul 2010","1.152001"
"2010-07-26","26 Jul 2010","1.209999"
"2010-07-27","27 Jul 2010","1.280135"
"2010-07-28","28 Jul 2010","1.242554"
"2010-07-29","29 Jul 2010","1.249558"
"2010-07-30","30 Jul 2010","1.209107"
"2010-08-02","02 Aug 2010","1.236838"
"2010-08-03","03 Aug 2010","1.141599"
"2010-08-04","04 Aug 2010","1.137069"
"2010-08-05","05 Aug 2010","1.135417"
"2010-08-06","06 Aug 2010","1.126406"
"2010-08-09","09 Aug 2010","1.098176"
"2010-08-10","10 Aug 2010","1.096938"
"2010-08-11","11 Aug 2010","0.995768"
"2010-08-12","12 Aug 2010","0.975682"
"2010-08-13","13 Aug 2010","0.973941"
"2010-08-16","16 Aug 2010","0.948995"
"2010-08-17","17 Aug 2010","0.982270"
"2010-08-18","18 Aug 2010","0.948859"
"2010-08-19","19 Aug 2010","0.943299"
"2010-08-20","20 Aug 2010","0.922334"
"2010-08-23","23 Aug 2010","0.931782"
"2010-08-24","24 Aug 2010","0.849081"
"2010-08-25","25 Aug 2010","0.880782"
"2010-08-26","26 Aug 2010","0.904987"
"2010-08-27","27 Aug 2010","0.907647"
"2010-08-30","30 Aug 2010","0.884954"
"2010-08-31","31 Aug 2010","0.888173"
"2010-09-01","01 Sep 2010","0.934051"
"2010-09-02","02 Sep 2010","0.932478"
"2010-09-03","03 Sep 2010","0.969019"
"2010-09-06","06 Sep 2010","0.959460"
"2010-09-07","07 Sep 2010","0.902591"
"2010-09-08","08 Sep 2010","0.961758"
"2010-09-09","09 Sep 2010","1.014649"
"2010-09-10","10 Sep 2010","1.058171"
"2010-09-13","13 Sep 2010","1.087739"
"2010-09-14","14 Sep 2010","1.061001"
"2010-09-15","15 Sep 2010","1.099068"
"2010-09-16","16 Sep 2010","1.176627"
"2010-09-17","17 Sep 2010","1.127222"
"2010-09-20","20 Sep 2010","1.163956"
"2010-09-21","21 Sep 2010","1.167747"
"2010-09-22","22 Sep 2010","1.124101"
"2010-09-23","23 Sep 2010","1.047961"
"2010-09-24","24 Sep 2010","1.064257"
"2010-09-27","27 Sep 2010","1.046811"
"2010-09-28","28 Sep 2010","1.053364"
"2010-09-29","29 Sep 2010","1.115152"
"2010-09-30","30 Sep 2010","1.167468"
"2010-10-01","01 Oct 2010","1.196858"
"2010-10-04","04 Oct 2010","1.137170"
"2010-10-05","05 Oct 2010","1.124576"
"2010-10-06","06 Oct 2010","1.088947"
"2010-10-07","07 Oct 2010","1.108675"
"2010-10-08","08 Oct 2010","1.117403"
"2010-10-11","11 Oct 2010","1.094854"
"2010-10-12","12 Oct 2010","1.060488"
"2010-10-13","13 Oct 2010","1.078927"
"2010-10-14","14 Oct 2010","1.083333"
"2010-10-15","15 Oct 2010","1.111109"
"2010-10-18","18 Oct 2010","1.185163"
"2010-10-19","19 Oct 2010","1.215755"
"2010-10-20","20 Oct 2010","1.256781"
"2010-10-21","21 Oct 2010","1.286749"
"2010-10-22","22 Oct 2010","1.316060"
"2010-10-25","25 Oct 2010","1.289135"
"2010-10-26","26 Oct 2010","1.347650"
"2010-10-27","27 Oct 2010","1.379007"
"2010-10-28","28 Oct 2010","1.356414"
"2010-10-29","29 Oct 2010","1.331134"
"2010-11-01","01 Nov 2010","1.324812"
"2010-11-02","02 Nov 2010","1.321155"
"2010-11-03","03 Nov 2010","1.290731"
"2010-11-04","04 Nov 2010","1.274665"
"2010-11-05","05 Nov 2010","1.243336"
"2010-11-08","08 Nov 2010","1.234215"
"2010-11-09","09 Nov 2010","1.237253"
"2010-11-10","10 Nov 2010","1.248169"
"2010-11-11","11 Nov 2010","1.234322"
"2010-11-12","12 Nov 2010","1.300015"
"2010-11-15","15 Nov 2010","1.353549"
"2010-11-16","16 Nov 2010","1.342943"
"2010-11-17","17 Nov 2010","1.358908"
"2010-11-18","18 Nov 2010","1.407171"
"2010-11-19","19 Nov 2010","1.423484"
"2010-11-22","22 Nov 2010","1.371261"
"2010-11-23","23 Nov 2010","1.281620"
"2010-11-24","24 Nov 2010","1.314942"
"2010-11-25","25 Nov 2010","1.346741"
"2010-11-26","26 Nov 2010","1.350559"
"2010-11-29","29 Nov 2010","1.338981"
"2010-11-30","30 Nov 2010","1.326976"
"2010-12-01","01 Dec 2010","1.351809"
"2010-12-02","02 Dec 2010","1.330342"
"2010-12-03","03 Dec 2010","1.339225"
"2010-12-06","06 Dec 2010","1.275473"
"2010-12-07","07 Dec 2010","1.314325"
"2010-12-08","08 Dec 2010","1.398108"
"2010-12-09","09 Dec 2010","1.449332"
"2010-12-10","10 Dec 2010","1.478651"
"2010-12-13","13 Dec 2010","1.492698"
"2010-12-14","14 Dec 2010","1.493163"
"2010-12-15","15 Dec 2010","1.506756"
"2010-12-16","16 Dec 2010","1.530361"
"2010-12-17","17 Dec 2010","1.512038"
"2010-12-20","20 Dec 2010","1.470094"
"2010-12-21","21 Dec 2010","1.482765"
"2010-12-22","22 Dec 2010","1.424412"
"2010-12-23","23 Dec 2010","1.395081"
"2010-12-24","24 Dec 2010","1.392080"
"2010-12-27","27 Dec 2010","1.426405"
"2010-12-28","28 Dec 2010","1.350022"
"2010-12-29","29 Dec 2010","1.378213"
"2010-12-30","30 Dec 2010","1.343521"
"2010-12-31","31 Dec 2010","1.338830"
"2011-01-03","03 Jan 2011","1.317898"
"2011-01-04","04 Jan 2011","1.317511"
"2011-01-05","05 Jan 2011","1.349997"
"2011-01-06","06 Jan 2011","1.389282"
"2011-01-07","07 Jan 2011","1.358161"
"2011-01-10","10 Jan 2011","1.339846"
"2011-01-11","11 Jan 2011","1.334484"
"2011-01-12","12 Jan 2011","1.436892"
"2011-01-13","13 Jan 2011","1.532959"
"2011-01-14","14 Jan 2011","1.582405"
"2011-01-17","17 Jan 2011","1.592382"
"2011-01-18","18 Jan 2011","1.661522"
"2011-01-19","19 Jan 2011","1.632233"
"2011-01-20","20 Jan 2011","1.731508"
"2011-01-21","21 Jan 2011","1.779849"
"2011-01-24","24 Jan 2011","1.763962"
"2011-01-25","25 Jan 2011","1.747440"
"2011-01-26","26 Jan 2011","1.808419"
"2011-01-27","27 Jan 2011","1.826915"
"2011-01-28","28 Jan 2011","1.912986"
"2011-01-31","31 Jan 2011","1.885951"
"2011-02-01","01 Feb 2011","1.895228"
"2011-02-02","02 Feb 2011","1.899234"
"2011-02-03","03 Feb 2011","1.866921"
"2011-02-04","04 Feb 2011","1.891717"
"2011-02-07","07 Feb 2011","1.894808"
"2011-02-08","08 Feb 2011","1.913432"
"2011-02-09","09 Feb 2011","1.940217"
"2011-02-10","10 Feb 2011","1.961903"
"2011-02-11","11 Feb 2011","1.915391"
"2011-02-14","14 Feb 2011","1.933020"
"2011-02-15","15 Feb 2011","1.944788"
"2011-02-16","16 Feb 2011","1.893242"
"2011-02-17","17 Feb 2011","1.850930"
"2011-02-18","18 Feb 2011","1.895091"
"2011-02-21","21 Feb 2011","1.881568"
"2011-02-22","22 Feb 2011","1.918223"
"2011-02-23","23 Feb 2011","1.924196"
"2011-02-24","24 Feb 2011","1.901326"
"2011-02-25","25 Feb 2011","1.920014"
"2011-02-28","28 Feb 2011","1.920771"
"2011-03-01","01 Mar 2011","1.943709"
"2011-03-02","02 Mar 2011","1.934057"
"2011-03-03","03 Mar 2011","2.123449"
"2011-03-04","04 Mar 2011","2.143233"
"2011-03-07","07 Mar 2011","2.158922"
"2011-03-08","08 Mar 2011","2.127515"
"2011-03-09","09 Mar 2011","2.129567"
"2011-03-10","10 Mar 2011","2.088623"
"2011-03-11","11 Mar 2011","2.048881"
"2011-03-14","14 Mar 2011","2.036783"
"2011-03-15","15 Mar 2011","1.935171"
"2011-03-16","16 Mar 2011","1.890673"
"2011-03-17","17 Mar 2011","1.956494"
"2011-03-18","18 Mar 2011","1.996877"
"2011-03-21","21 Mar 2011","2.098313"
"2011-03-22","22 Mar 2011","2.102017"
"2011-03-23","23 Mar 2011","2.082036"
"2011-03-24","24 Mar 2011","2.085398"
"2011-03-25","25 Mar 2011","2.115234"
"2011-03-28","28 Mar 2011","2.153677"
"2011-03-29","29 Mar 2011","2.161206"
"2011-03-30","30 Mar 2011","2.181964"
"2011-03-31","31 Mar 2011","2.201189"
"2011-04-01","01 Apr 2011","2.250488"
"2011-04-04","04 Apr 2011","2.236873"
"2011-04-05","05 Apr 2011","2.227666"
"2011-04-06","06 Apr 2011","2.257696"
"2011-04-07","07 Apr 2011","2.263130"
"2011-04-08","08 Apr 2011","2.341915"
"2011-04-11","11 Apr 2011","2.341403"
"2011-04-12","12 Apr 2011","2.282254"
"2011-04-13","13 Apr 2011","2.314153"
"2011-04-14","14 Apr 2011","2.272306"
"2011-04-15","15 Apr 2011","2.285509"
"2011-04-18","18 Apr 2011","2.195874"
"2011-04-19","19 Apr 2011","2.237037"
"2011-04-20","20 Apr 2011","2.245813"
"2011-04-21","21 Apr 2011","2.206163"
"2011-04-26","26 Apr 2011","2.194139"
"2011-04-27","27 Apr 2011","2.233957"
"2011-04-28","28 Apr 2011","2.216182"
"2011-04-29","29 Apr 2011","2.230020"
"2011-05-02","02 May 2011","2.239260"
"2011-05-03","03 May 2011","2.256650"
"2011-05-04","04 May 2011","2.343345"
"2011-05-05","05 May 2011","2.209922"
"2011-05-06","06 May 2011","2.183983"
"2011-05-09","09 May 2011","2.121604"
"2011-05-10","10 May 2011","2.128048"
"2011-05-11","11 May 2011","2.139199"
"2011-05-12","12 May 2011","2.090667"
"2011-05-13","13 May 2011","2.104312"
"2011-05-16","16 May 2011","2.129294"
"2011-05-17","17 May 2011","2.122200"
"2011-05-18","18 May 2011","2.123783"
"2011-05-19","19 May 2011","2.179271"
"2011-05-20","20 May 2011","2.107119"
"2011-05-23","23 May 2011","2.050194"
"2011-05-24","24 May 2011","2.061210"
"2011-05-25","25 May 2011","2.001965"
"2011-05-26","26 May 2011","1.973299"
"2011-05-27","27 May 2011","1.935364"
"2011-05-30","30 May 2011","1.939080"
"2011-05-31","31 May 2011","1.988117"
"2011-06-01","01 Jun 2011","1.962869"
"2011-06-02","02 Jun 2011","1.962138"
"2011-06-03","03 Jun 2011","1.973619"
"2011-06-06","06 Jun 2011","2.011989"
"2011-06-07","07 Jun 2011","2.044419"
"2011-06-08","08 Jun 2011","2.020512"
"2011-06-09","09 Jun 2011","1.960231"
"2011-06-10","10 Jun 2011","1.913216"
"2011-06-13","13 Jun 2011","1.896948"
"2011-06-14","14 Jun 2011","1.935907"
"2011-06-15","15 Jun 2011","1.901024"
"2011-06-16","16 Jun 2011","1.837034"
"2011-06-17","17 Jun 2011","1.871866"
"2011-06-20","20 Jun 2011","1.895210"
"2011-06-21","21 Jun 2011","1.892311"
"2011-06-22","22 Jun 2011","1.877952"
"2011-06-23","23 Jun 2011","1.764614"
"2011-06-24","24 Jun 2011","1.763652"
"2011-06-27","27 Jun 2011","1.769515"
"2011-06-28","28 Jun 2011","1.852602"
"2011-06-29","29 Jun 2011","1.892250"
"2011-06-30","30 Jun 2011","1.944517"
"2011-07-01","01 Jul 2011","2.004288"
"2011-07-04","04 Jul 2011","2.008557"
"2011-07-05","05 Jul 2011","2.002278"
"2011-07-06","06 Jul 2011","1.923484"
"2011-07-07","07 Jul 2011","1.956418"
"2011-07-08","08 Jul 2011","1.842830"
"2011-07-11","11 Jul 2011","1.716603"
"2011-07-12","12 Jul 2011","1.719972"
"2011-07-13","13 Jul 2011","1.676001"
"2011-07-14","14 Jul 2011","1.698030"
"2011-07-15","15 Jul 2011","1.627003"
"2011-07-18","18 Jul 2011","1.612846"
"2011-07-19","19 Jul 2011","1.660710"
"2011-07-20","20 Jul 2011","1.679365"
"2011-07-21","21 Jul 2011","1.797865"
"2011-07-22","22 Jul 2011","1.761221"
"2011-07-25","25 Jul 2011","1.743609"
"2011-07-26","26 Jul 2011","1.726371"
"2011-07-27","27 Jul 2011","1.628204"
"2011-07-28","28 Jul 2011","1.628174"
"2011-07-29","29 Jul 2011","1.569843"
"2011-08-01","01 Aug 2011","1.536306"
"2011-08-02","02 Aug 2011","1.485964"
"2011-08-03","03 Aug 2011","1.482415"
"2011-08-04","04 Aug 2011","1.405860"
"2011-08-05","05 Aug 2011","1.306873"
"2011-08-08","08 Aug 2011","1.234635"
"2011-08-09","09 Aug 2011","1.238092"
"2011-08-10","10 Aug 2011","1.059183"
"2011-08-11","11 Aug 2011","1.074701"
"2011-08-12","12 Aug 2011","1.131609"
"2011-08-15","15 Aug 2011","1.143842"
"2011-08-16","16 Aug 2011","1.134498"
"2011-08-17","17 Aug 2011","1.117897"
"2011-08-18","18 Aug 2011","0.942611"
"2011-08-19","19 Aug 2011","1.041356"
"2011-08-22","22 Aug 2011","1.079479"
"2011-08-23","23 Aug 2011","1.023500"
"2011-08-24","24 Aug 2011","1.112636"
"2011-08-25","25 Aug 2011","1.081867"
"2011-08-26","26 Aug 2011","1.019008"
"2011-08-29","29 Aug 2011","1.173787"
"2011-08-30","30 Aug 2011","1.066708"
"2011-08-31","31 Aug 2011","1.121925"
"2011-09-01","01 Sep 2011","1.129762"
"2011-09-02","02 Sep 2011","0.991489"
"2011-09-05","05 Sep 2011","0.906868"
"2011-09-06","06 Sep 2011","0.914717"
"2011-09-07","07 Sep 2011","0.930021"
"2011-09-08","08 Sep 2011","0.860585"
"2011-09-09","09 Sep 2011","0.810100"
"2011-09-12","12 Sep 2011","0.841962"
"2011-09-13","13 Sep 2011","0.926247"
"2011-09-14","14 Sep 2011","0.978783"
"2011-09-15","15 Sep 2011","1.111863"
"2011-09-16","16 Sep 2011","1.020213"
"2011-09-19","19 Sep 2011","0.934959"
"2011-09-20","20 Sep 2011","0.939432"
"2011-09-21","21 Sep 2011","0.953842"
"2011-09-22","22 Sep 2011","0.935203"
"2011-09-23","23 Sep 2011","0.892374"
"2011-09-26","26 Sep 2011","0.904125"
"2011-09-27","27 Sep 2011","1.070166"
"2011-09-28","28 Sep 2011","1.074138"
"2011-09-29","29 Sep 2011","1.082607"
"2011-09-30","30 Sep 2011","1.026066"
"2011-10-03","03 Oct 2011","0.983164"
"2011-10-04","04 Oct 2011","0.907210"
"2011-10-05","05 Oct 2011","1.004528"
"2011-10-06","06 Oct 2011","1.044716"
"2011-10-07","07 Oct 2011","1.101032"
"2011-10-10","10 Oct 2011","1.142517"
"2011-10-11","11 Oct 2011","1.143097"
"2011-10-12","12 Oct 2011","1.205388"
"2011-10-13","13 Oct 2011","1.163073"
"2011-10-14","14 Oct 2011","1.216228"
"2011-10-17","17 Oct 2011","1.124812"
"2011-10-18","18 Oct 2011","1.151993"
"2011-10-19","19 Oct 2011","1.186569"
"2011-10-20","20 Oct 2011","1.247301"
"2011-10-21","21 Oct 2011","1.250157"
"2011-10-24","24 Oct 2011","1.209891"
"2011-10-25","25 Oct 2011","1.173683"
"2011-10-26","26 Oct 2011","1.084432"
"2011-10-27","27 Oct 2011","1.170377"
"2011-10-28","28 Oct 2011","1.179873"
"2011-10-31","31 Oct 2011","1.109615"
"2011-11-01","01 Nov 2011","0.976319"
"2011-11-02","02 Nov 2011","1.023298"
"2011-11-03","03 Nov 2011","0.985116"
"2011-11-04","04 Nov 2011","0.971734"
"2011-11-07","07 Nov 2011","0.982762"
"2011-11-08","08 Nov 2011","0.999992"
"2011-11-09","09 Nov 2011","0.998530"
"2011-11-10","10 Nov 2011","1.091624"
"2011-11-11","11 Nov 2011","1.153667"
"2011-11-14","14 Nov 2011","1.159349"
"2011-11-15","15 Nov 2011","1.261235"
"2011-11-16","16 Nov 2011","1.315942"
"2011-11-17","17 Nov 2011","1.313420"
"2011-11-18","18 Nov 2011","1.340577"
"2011-11-21","21 Nov 2011","1.285395"
"2011-11-22","22 Nov 2011","1.317250"
"2011-11-23","23 Nov 2011","1.414809"
"2011-11-24","24 Nov 2011","1.474665"
"2011-11-25","25 Nov 2011","1.501490"
"2011-11-28","28 Nov 2011","1.419150"
"2011-11-29","29 Nov 2011","1.390970"
"2011-11-30","30 Nov 2011","1.150410"
"2011-12-01","01 Dec 2011","1.086183"
"2011-12-02","02 Dec 2011","1.073787"
"2011-12-05","05 Dec 2011","1.063731"
"2011-12-06","06 Dec 2011","1.107834"
"2011-12-07","07 Dec 2011","1.071161"
"2011-12-08","08 Dec 2011","1.051684"
"2011-12-09","09 Dec 2011","1.069497"
"2011-12-12","12 Dec 2011","1.036624"
"2011-12-13","13 Dec 2011","1.045667"
"2011-12-14","14 Dec 2011","1.014064"
"2011-12-15","15 Dec 2011","0.933373"
"2011-12-16","16 Dec 2011","0.859427"
"2011-12-19","19 Dec 2011","0.904893"
"2011-12-20","20 Dec 2011","0.923320"
"2011-12-21","21 Dec 2011","0.912706"
"2011-12-22","22 Dec 2011","0.921432"
"2011-12-23","23 Dec 2011","0.860327"
"2011-12-27","27 Dec 2011","0.825723"
"2011-12-28","28 Dec 2011","0.814531"
"2011-12-29","29 Dec 2011","0.800438"
"2011-12-30","30 Dec 2011","0.798917"
"2012-01-02","02 Jan 2012","0.880484"
"2012-01-03","03 Jan 2012","0.876813"
"2012-01-04","04 Jan 2012","0.896727"
"2012-01-05","05 Jan 2012","0.926567"
"2012-01-06","06 Jan 2012","0.956570"
"2012-01-09","09 Jan 2012","0.938692"
"2012-01-10","10 Jan 2012","0.931190"
"2012-01-11","11 Jan 2012","0.851982"
"2012-01-12","12 Jan 2012","0.760900"
"2012-01-13","13 Jan 2012","0.766782"
"2012-01-16","16 Jan 2012","0.737242"
"2012-01-17","17 Jan 2012","0.776565"
"2012-01-18","18 Jan 2012","0.799249"
"2012-01-19","19 Jan 2012","0.805270"
"2012-01-20","20 Jan 2012","0.829269"
"2012-01-23","23 Jan 2012","0.838470"
"2012-01-24","24 Jan 2012","0.854699"
"2012-01-25","25 Jan 2012","0.831943"
"2012-01-26","26 Jan 2012","0.795244"
"2012-01-27","27 Jan 2012","0.775377"
"2012-01-30","30 Jan 2012","0.768150"
"2012-01-31","31 Jan 2012","0.764694"
"2012-02-01","01 Feb 2012","0.736757"
"2012-02-02","02 Feb 2012","0.711017"
"2012-02-03","03 Feb 2012","0.728983"
"2012-02-06","06 Feb 2012","0.700540"
"2012-02-07","07 Feb 2012","0.723693"
"2012-02-08","08 Feb 2012","0.743549"
"2012-02-09","09 Feb 2012","0.758308"
"2012-02-10","10 Feb 2012","0.743516"
"2012-02-13","13 Feb 2012","0.738345"
"2012-02-14","14 Feb 2012","0.755439"
"2012-02-15","15 Feb 2012","0.756178"
"2012-02-16","16 Feb 2012","0.783225"
"2012-02-17","17 Feb 2012","0.811841"
"2012-02-20","20 Feb 2012","0.819165"
"2012-02-21","21 Feb 2012","0.815531"
"2012-02-22","22 Feb 2012","0.799466"
"2012-02-23","23 Feb 2012","0.774235"
"2012-02-24","24 Feb 2012","0.754661"
"2012-02-27","27 Feb 2012","0.721599"
"2012-02-28","28 Feb 2012","0.710687"
"2012-02-29","29 Feb 2012","0.695743"
"2012-03-01","01 Mar 2012","0.686955"
"2012-03-02","02 Mar 2012","0.655647"
"2012-03-05","05 Mar 2012","0.660368"
"2012-03-06","06 Mar 2012","0.664220"
"2012-03-07","07 Mar 2012","0.656263"
"2012-03-08","08 Mar 2012","0.636660"
"2012-03-09","09 Mar 2012","0.649470"
"2012-03-12","12 Mar 2012","0.648416"
"2012-03-13","13 Mar 2012","0.667733"
"2012-03-14","14 Mar 2012","0.711836"
"2012-03-15","15 Mar 2012","0.760399"
"2012-03-16","16 Mar 2012","0.841686"
"2012-03-19","19 Mar 2012","0.825287"
"2012-03-20","20 Mar 2012","0.829850"
"2012-03-21","21 Mar 2012","0.797422"
"2012-03-22","22 Mar 2012","0.769240"
"2012-03-23","23 Mar 2012","0.733304"
"2012-03-26","26 Mar 2012","0.730610"
"2012-03-27","27 Mar 2012","0.731825"
"2012-03-28","28 Mar 2012","0.709021"
"2012-03-29","29 Mar 2012","0.696128"
"2012-03-30","30 Mar 2012","0.695668"
"2012-04-02","02 Apr 2012","0.663129"
"2012-04-03","03 Apr 2012","0.675923"
"2012-04-04","04 Apr 2012","0.670653"
"2012-04-05","05 Apr 2012","0.665809"
"2012-04-10","10 Apr 2012","0.653352"
"2012-04-11","11 Apr 2012","0.658035"
"2012-04-12","12 Apr 2012","0.633895"
"2012-04-13","13 Apr 2012","0.632012"
"2012-04-16","16 Apr 2012","0.667298"
"2012-04-17","17 Apr 2012","0.682100"
"2012-04-18","18 Apr 2012","0.676712"
"2012-04-19","19 Apr 2012","0.713019"
"2012-04-20","20 Apr 2012","0.715088"
"2012-04-23","23 Apr 2012","0.724311"
"2012-04-24","24 Apr 2012","0.702703"
"2012-04-25","25 Apr 2012","0.679716"
"2012-04-26","26 Apr 2012","0.643384"
"2012-04-27","27 Apr 2012","0.643816"
"2012-04-30","30 Apr 2012","0.611669"
"2012-05-02","02 May 2012","0.582044"
"2012-05-03","03 May 2012","0.582769"
"2012-05-04","04 May 2012","0.547021"
"2012-05-07","07 May 2012","0.525886"
"2012-05-08","08 May 2012","0.524772"
"2012-05-09","09 May 2012","0.553097"
"2012-05-10","10 May 2012","0.538517"
"2012-05-11","11 May 2012","0.531386"
"2012-05-14","14 May 2012","0.527005"
"2012-05-15","15 May 2012","0.552083"
"2012-05-16","16 May 2012","0.567104"
"2012-05-17","17 May 2012","0.519134"
"2012-05-18","18 May 2012","0.529582"
"2012-05-21","21 May 2012","0.522662"
"2012-05-22","22 May 2012","0.513878"
"2012-05-23","23 May 2012","0.480171"
"2012-05-24","24 May 2012","0.442523"
"2012-05-25","25 May 2012","0.431417"
"2012-05-28","28 May 2012","0.414592"
"2012-05-29","29 May 2012","0.421028"
"2012-05-30","30 May 2012","0.416776"
"2012-05-31","31 May 2012","0.377633"
"2012-06-01","01 Jun 2012","0.321132"
"2012-06-04","04 Jun 2012","0.360826"
"2012-06-05","05 Jun 2012","0.360278"
"2012-06-06","06 Jun 2012","0.427081"
"2012-06-07","07 Jun 2012","0.488215"
"2012-06-08","08 Jun 2012","0.452372"
"2012-06-11","11 Jun 2012","0.480220"
"2012-06-12","12 Jun 2012","0.542166"
"2012-06-13","13 Jun 2012","0.553196"
"2012-06-14","14 Jun 2012","0.535302"
"2012-06-15","15 Jun 2012","0.493062"
"2012-06-18","18 Jun 2012","0.477955"
"2012-06-19","19 Jun 2012","0.518632"
"2012-06-20","20 Jun 2012","0.583430"
"2012-06-21","21 Jun 2012","0.547788"
"2012-06-22","22 Jun 2012","0.551972"
"2012-06-25","25 Jun 2012","0.499958"
"2012-06-26","26 Jun 2012","0.523794"
"2012-06-27","27 Jun 2012","0.532492"
"2012-06-28","28 Jun 2012","0.520807"
"2012-06-29","29 Jun 2012","0.548226"
"2012-07-02","02 Jul 2012","0.501622"
"2012-07-03","03 Jul 2012","0.455220"
"2012-07-04","04 Jul 2012","0.439117"
"2012-07-05","05 Jul 2012","0.373932"
"2012-07-06","06 Jul 2012","0.265145"
"2012-07-09","09 Jul 2012","0.256992"
"2012-07-10","10 Jul 2012","0.254898"
"2012-07-11","11 Jul 2012","0.218812"
"2012-07-12","12 Jul 2012","0.201931"
"2012-07-13","13 Jul 2012","0.183494"
"2012-07-16","16 Jul 2012","0.157541"
"2012-07-17","17 Jul 2012","0.160736"
"2012-07-18","18 Jul 2012","0.158860"
"2012-07-19","19 Jul 2012","0.166817"
"2012-07-20","20 Jul 2012","0.148318"
"2012-07-23","23 Jul 2012","0.203692"
"2012-07-24","24 Jul 2012","0.253536"
"2012-07-25","25 Jul 2012","0.271929"
"2012-07-26","26 Jul 2012","0.237527"
"2012-07-27","27 Jul 2012","0.247790"
"2012-07-30","30 Jul 2012","0.198418"
"2012-07-31","31 Jul 2012","0.168909"
"2012-08-01","01 Aug 2012","0.157631"
"2012-08-02","02 Aug 2012","0.145952"
"2012-08-03","03 Aug 2012","0.180904"
"2012-08-06","06 Aug 2012","0.173826"
"2012-08-07","07 Aug 2012","0.206178"
"2012-08-08","08 Aug 2012","0.181528"
"2012-08-09","09 Aug 2012","0.182512"
"2012-08-10","10 Aug 2012","0.153606"
"2012-08-13","13 Aug 2012","0.184611"
"2012-08-14","14 Aug 2012","0.201121"
"2012-08-15","15 Aug 2012","0.229108"
"2012-08-16","16 Aug 2012","0.221866"
"2012-08-17","17 Aug 2012","0.229124"
"2012-08-20","20 Aug 2012","0.231892"
"2012-08-21","21 Aug 2012","0.250772"
"2012-08-22","22 Aug 2012","0.242794"
"2012-08-23","23 Aug 2012","0.213346"
"2012-08-24","24 Aug 2012","0.198272"
"2012-08-27","27 Aug 2012","0.204016"
"2012-08-28","28 Aug 2012","0.207461"
"2012-08-29","29 Aug 2012","0.226268"
"2012-08-30","30 Aug 2012","0.202974"
"2012-08-31","31 Aug 2012","0.209361"
"2012-09-03","03 Sep 2012","0.213574"
"2012-09-04","04 Sep 2012","0.219166"
"2012-09-05","05 Sep 2012","0.216873"
"2012-09-06","06 Sep 2012","0.268461"
"2012-09-07","07 Sep 2012","0.274675"
"2012-09-10","10 Sep 2012","0.289913"
"2012-09-11","11 Sep 2012","0.279600"
"2012-09-12","12 Sep 2012","0.309346"
"2012-09-13","13 Sep 2012","0.279818"
"2012-09-14","14 Sep 2012","0.338359"
"2012-09-17","17 Sep 2012","0.346293"
"2012-09-18","18 Sep 2012","0.320020"
"2012-09-19","19 Sep 2012","0.315139"
"2012-09-20","20 Sep 2012","0.306899"
"2012-09-21","21 Sep 2012","0.305987"
"2012-09-24","24 Sep 2012","0.304010"
"2012-09-25","25 Sep 2012","0.298648"
"2012-09-26","26 Sep 2012","0.275433"
"2012-09-27","27 Sep 2012","0.266678"
"2012-09-28","28 Sep 2012","0.254503"
"2012-10-01","01 Oct 2012","0.279157"
"2012-10-02","02 Oct 2012","0.274558"
"2012-10-03","03 Oct 2012","0.264723"
"2012-10-04","04 Oct 2012","0.267350"
"2012-10-05","05 Oct 2012","0.282430"
"2012-10-08","08 Oct 2012","0.266256"
"2012-10-09","09 Oct 2012","0.268206"
"2012-10-10","10 Oct 2012","0.251215"
"2012-10-11","11 Oct 2012","0.261823"
"2012-10-12","12 Oct 2012","0.244430"
"2012-10-15","15 Oct 2012","0.242019"
"2012-10-16","16 Oct 2012","0.282106"
"2012-10-17","17 Oct 2012","0.314714"
"2012-10-18","18 Oct 2012","0.332486"
"2012-10-19","19 Oct 2012","0.331405"
"2012-10-22","22 Oct 2012","0.351963"
"2012-10-23","23 Oct 2012","0.335657"
"2012-10-24","24 Oct 2012","0.320202"
"2012-10-25","25 Oct 2012","0.321364"
"2012-10-26","26 Oct 2012","0.289261"
"2012-10-29","29 Oct 2012","0.276512"
"2012-10-30","30 Oct 2012","0.268463"
"2012-10-31","31 Oct 2012","0.276038"
"2012-11-01","01 Nov 2012","0.271056"
"2012-11-02","02 Nov 2012","0.252165"
"2012-11-05","05 Nov 2012","0.238987"
"2012-11-06","06 Nov 2012","0.232708"
"2012-11-07","07 Nov 2012","0.192801"
"2012-11-08","08 Nov 2012","0.191659"
"2012-11-09","09 Nov 2012","0.180662"
"2012-11-12","12 Nov 2012","0.180707"
"2012-11-13","13 Nov 2012","0.175072"
"2012-11-14","14 Nov 2012","0.191547"
"2012-11-15","15 Nov 2012","0.180070"
"2012-11-16","16 Nov 2012","0.172661"
"2012-11-19","19 Nov 2012","0.182572"
"2012-11-20","20 Nov 2012","0.210765"
"2012-11-21","21 Nov 2012","0.237856"
"2012-11-22","22 Nov 2012","0.233684"
"2012-11-23","23 Nov 2012","0.225364"
"2012-11-26","26 Nov 2012","0.213548"
"2012-11-27","27 Nov 2012","0.227859"
"2012-11-28","28 Nov 2012","0.182719"
"2012-11-29","29 Nov 2012","0.198926"
"2012-11-30","30 Nov 2012","0.193786"
"2012-12-03","03 Dec 2012","0.210432"
"2012-12-04","04 Dec 2012","0.212457"
"2012-12-05","05 Dec 2012","0.182705"
"2012-12-06","06 Dec 2012","0.157809"
"2012-12-07","07 Dec 2012","0.108353"
"2012-12-10","10 Dec 2012","0.105201"
"2012-12-11","11 Dec 2012","0.115933"
"2012-12-12","12 Dec 2012","0.115372"
"2012-12-13","13 Dec 2012","0.114566"
"2012-12-14","14 Dec 2012","0.116511"
"2012-12-17","17 Dec 2012","0.142929"
"2012-12-18","18 Dec 2012","0.162785"
"2012-12-19","19 Dec 2012","0.177690"
"2012-12-20","20 Dec 2012","0.161173"
"2012-12-21","21 Dec 2012","0.154936"
"2012-12-24","24 Dec 2012","0.147951"
"2012-12-27","27 Dec 2012","0.150042"
"2012-12-28","28 Dec 2012","0.131455"
"2012-12-31","31 Dec 2012","0.128934"
"2013-01-02","02 Jan 2013","0.191092"
"2013-01-03","03 Jan 2013","0.224248"
"2013-01-04","04 Jan 2013","0.282989"
"2013-01-07","07 Jan 2013","0.279057"
"2013-01-08","08 Jan 2013","0.261421"
"2013-01-09","09 Jan 2013","0.247985"
"2013-01-10","10 Jan 2013","0.287193"
"2013-01-11","11 Jan 2013","0.319202"
"2013-01-14","14 Jan 2013","0.312046"
"2013-01-15","15 Jan 2013","0.315620"
"2013-01-16","16 Jan 2013","0.312559"
"2013-01-17","17 Jan 2013","0.386105"
"2013-01-18","18 Jan 2013","0.395869"
"2013-01-21","21 Jan 2013","0.392625"
"2013-01-22","22 Jan 2013","0.375822"
"2013-01-23","23 Jan 2013","0.357674"
"2013-01-24","24 Jan 2013","0.354675"
"2013-01-25","25 Jan 2013","0.470599"
"2013-01-28","28 Jan 2013","0.538346"
"2013-01-29","29 Jan 2013","0.508830"
"2013-01-30","30 Jan 2013","0.550055"
"2013-01-31","31 Jan 2013","0.524003"
"2013-02-01","01 Feb 2013","0.460637"
"2013-02-04","04 Feb 2013","0.458869"
"2013-02-05","05 Feb 2013","0.482420"
"2013-02-06","06 Feb 2013","0.467214"
"2013-02-07","07 Feb 2013","0.419360"
"2013-02-08","08 Feb 2013","0.414803"
"2013-02-11","11 Feb 2013","0.411728"
"2013-02-12","12 Feb 2013","0.436787"
"2013-02-13","13 Feb 2013","0.456414"
"2013-02-14","14 Feb 2013","0.420797"
"2013-02-15","15 Feb 2013","0.417385"
"2013-02-18","18 Feb 2013","0.413034"
"2013-02-19","19 Feb 2013","0.415550"
"2013-02-20","20 Feb 2013","0.435438"
"2013-02-21","21 Feb 2013","0.397750"
"2013-02-22","22 Feb 2013","0.353979"
"2013-02-25","25 Feb 2013","0.388574"
"2013-02-26","26 Feb 2013","0.308697"
"2013-02-27","27 Feb 2013","0.272516"
"2013-02-28","28 Feb 2013","0.273819"
"2013-03-01","01 Mar 2013","0.245331"
"2013-03-04","04 Mar 2013","0.244192"
"2013-03-05","05 Mar 2013","0.261868"
"2013-03-06","06 Mar 2013","0.258758"
"2013-03-07","07 Mar 2013","0.294834"
"2013-03-08","08 Mar 2013","0.310491"
"2013-03-11","11 Mar 2013","0.290284"
"2013-03-12","12 Mar 2013","0.280334"
"2013-03-13","13 Mar 2013","0.275276"
"2013-03-14","14 Mar 2013","0.274021"
"2013-03-15","15 Mar 2013","0.257474"
"2013-03-18","18 Mar 2013","0.227892"
"2013-03-19","19 Mar 2013","0.220404"
"2013-03-20","20 Mar 2013","0.233879"
"2013-03-21","21 Mar 2013","0.234855"
"2013-03-22","22 Mar 2013","0.246058"
"2013-03-25","25 Mar 2013","0.229977"
"2013-03-26","26 Mar 2013","0.240682"
"2013-03-27","27 Mar 2013","0.210636"
"2013-03-28","28 Mar 2013","0.215422"
"2013-04-02","02 Apr 2013","0.242199"
"2013-04-03","03 Apr 2013","0.221556"
"2013-04-04","04 Apr 2013","0.192524"
"2013-04-05","05 Apr 2013","0.174683"
"2013-04-08","08 Apr 2013","0.183327"
"2013-04-09","09 Apr 2013","0.210446"
"2013-04-10","10 Apr 2013","0.243585"
"2013-04-11","11 Apr 2013","0.229320"
"2013-04-12","12 Apr 2013","0.214227"
"2013-04-15","15 Apr 2013","0.210947"
"2013-04-16","16 Apr 2013","0.216666"
"2013-04-17","17 Apr 2013","0.204149"
"2013-04-18","18 Apr 2013","0.190245"
"2013-04-19","19 Apr 2013","0.209403"
"2013-04-22","22 Apr 2013","0.181103"
"2013-04-23","23 Apr 2013","0.188307"
"2013-04-24","24 Apr 2013","0.174147"
"2013-04-25","25 Apr 2013","0.183622"
"2013-04-26","26 Apr 2013","0.175218"
"2013-04-29","29 Apr 2013","0.168965"
"2013-04-30","30 Apr 2013","0.166744"
"2013-05-02","02 May 2013","0.142525"
"2013-05-03","03 May 2013","0.147592"
"2013-05-06","06 May 2013","0.168145"
"2013-05-07","07 May 2013","0.187336"
"2013-05-08","08 May 2013","0.185983"
"2013-05-09","09 May 2013","0.171021"
"2013-05-10","10 May 2013","0.218886"
"2013-05-13","13 May 2013","0.210221"
"2013-05-14","14 May 2013","0.206884"
"2013-05-15","15 May 2013","0.204433"
"2013-05-16","16 May 2013","0.178487"
"2013-05-17","17 May 2013","0.160806"
"2013-05-20","20 May 2013","0.172586"
"2013-05-21","21 May 2013","0.205578"
"2013-05-22","22 May 2013","0.179143"
"2013-05-23","23 May 2013","0.202245"
"2013-05-24","24 May 2013","0.225954"
"2013-05-27","27 May 2013","0.234432"
"2013-05-28","28 May 2013","0.241958"
"2013-05-29","29 May 2013","0.296109"
"2013-05-30","30 May 2013","0.309288"
"2013-05-31","31 May 2013","0.299403"
"2013-06-03","03 Jun 2013","0.324601"
"2013-06-04","04 Jun 2013","0.336896"
"2013-06-05","05 Jun 2013","0.329842"
"2013-06-06","06 Jun 2013","0.386175"
"2013-06-07","07 Jun 2013","0.396041"
"2013-06-10","10 Jun 2013","0.414781"
"2013-06-11","11 Jun 2013","0.487725"
"2013-06-12","12 Jun 2013","0.459037"
"2013-06-13","13 Jun 2013","0.411863"
"2013-06-14","14 Jun 2013","0.371660"
"2013-06-17","17 Jun 2013","0.366806"
"2013-06-18","18 Jun 2013","0.406499"
"2013-06-19","19 Jun 2013","0.396080"
"2013-06-20","20 Jun 2013","0.531294"
"2013-06-21","21 Jun 2013","0.552895"
"2013-06-24","24 Jun 2013","0.667163"
"2013-06-25","25 Jun 2013","0.622432"
"2013-06-26","26 Jun 2013","0.547384"
"2013-06-27","27 Jun 2013","0.502588"
"2013-06-28","28 Jun 2013","0.532792"
"2013-07-01","01 Jul 2013","0.504080"
"2013-07-02","02 Jul 2013","0.468269"
"2013-07-03","03 Jul 2013","0.460668"
"2013-07-04","04 Jul 2013","0.389722"
"2013-07-05","05 Jul 2013","0.411805"
"2013-07-08","08 Jul 2013","0.363197"
"2013-07-09","09 Jul 2013","0.353146"
"2013-07-10","10 Jul 2013","0.358289"
"2013-07-11","11 Jul 2013","0.374644"
"2013-07-12","12 Jul 2013","0.347412"
"2013-07-15","15 Jul 2013","0.313951"
"2013-07-16","16 Jul 2013","0.299259"
"2013-07-17","17 Jul 2013","0.285462"
"2013-07-18","18 Jul 2013","0.274583"
"2013-07-19","19 Jul 2013","0.256800"
"2013-07-22","22 Jul 2013","0.277878"
"2013-07-23","23 Jul 2013","0.338124"
"2013-07-24","24 Jul 2013","0.372572"
"2013-07-25","25 Jul 2013","0.374061"
"2013-07-26","26 Jul 2013","0.372406"
"2013-07-29","29 Jul 2013","0.381277"
"2013-07-30","30 Jul 2013","0.378589"
"2013-07-31","31 Jul 2013","0.389631"
"2013-08-01","01 Aug 2013","0.387052"
"2013-08-02","02 Aug 2013","0.374639"
"2013-08-05","05 Aug 2013","0.382585"
"2013-08-06","06 Aug 2013","0.401227"
"2013-08-07","07 Aug 2013","0.398502"
"2013-08-08","08 Aug 2013","0.396276"
"2013-08-09","09 Aug 2013","0.391703"
"2013-08-12","12 Aug 2013","0.393513"
"2013-08-13","13 Aug 2013","0.458898"
"2013-08-14","14 Aug 2013","0.467946"
"2013-08-15","15 Aug 2013","0.498138"
"2013-08-16","16 Aug 2013","0.484419"
"2013-08-19","19 Aug 2013","0.511558"
"2013-08-20","20 Aug 2013","0.489768"
"2013-08-21","21 Aug 2013","0.512765"
"2013-08-22","22 Aug 2013","0.521164"
"2013-08-23","23 Aug 2013","0.579065"
"2013-08-26","26 Aug 2013","0.527484"
"2013-08-27","27 Aug 2013","0.513644"
"2013-08-28","28 Aug 2013","0.519072"
"2013-08-29","29 Aug 2013","0.510376"
"2013-08-30","30 Aug 2013","0.516454"
"2013-09-02","02 Sep 2013","0.539756"
"2013-09-03","03 Sep 2013","0.540239"
"2013-09-04","04 Sep 2013","0.552051"
"2013-09-05","05 Sep 2013","0.626363"
"2013-09-06","06 Sep 2013","0.554276"
"2013-09-09","09 Sep 2013","0.557184"
"2013-09-10","10 Sep 2013","0.598843"
"2013-09-11","11 Sep 2013","0.564271"
"2013-09-12","12 Sep 2013","0.522597"
"2013-09-13","13 Sep 2013","0.528497"
"2013-09-16","16 Sep 2013","0.503307"
"2013-09-17","17 Sep 2013","0.520369"
"2013-09-18","18 Sep 2013","0.540914"
"2013-09-19","19 Sep 2013","0.477452"
"2013-09-20","20 Sep 2013","0.499147"
"2013-09-23","23 Sep 2013","0.472224"
"2013-09-24","24 Sep 2013","0.447597"
"2013-09-25","25 Sep 2013","0.459286"
"2013-09-26","26 Sep 2013","0.459432"
"2013-09-27","27 Sep 2013","0.427076"
"2013-09-30","30 Sep 2013","0.435296"
"2013-10-01","01 Oct 2013","0.430272"
"2013-10-02","02 Oct 2013","0.428782"
"2013-10-03","03 Oct 2013","0.437248"
"2013-10-04","04 Oct 2013","0.443085"
"2013-10-07","07 Oct 2013","0.419116"
"2013-10-08","08 Oct 2013","0.440352"
"2013-10-09","09 Oct 2013","0.437700"
"2013-10-10","10 Oct 2013","0.456371"
"2013-10-11","11 Oct 2013","0.447591"
"2013-10-14","14 Oct 2013","0.446080"
"2013-10-15","15 Oct 2013","0.458030"
"2013-10-16","16 Oct 2013","0.501344"
"2013-10-17","17 Oct 2013","0.457103"
"2013-10-18","18 Oct 2013","0.427478"
"2013-10-21","21 Oct 2013","0.433665"
"2013-10-22","22 Oct 2013","0.403751"
"2013-10-23","23 Oct 2013","0.393847"
"2013-10-24","24 Oct 2013","0.398335"
"2013-10-25","25 Oct 2013","0.414881"
"2013-10-28","28 Oct 2013","0.410228"
"2013-10-29","29 Oct 2013","0.410747"
"2013-10-30","30 Oct 2013","0.379858"
"2013-10-31","31 Oct 2013","0.332853"
"2013-11-01","01 Nov 2013","0.319687"
"2013-11-04","04 Nov 2013","0.315880"
"2013-11-05","05 Nov 2013","0.372095"
"2013-11-06","06 Nov 2013","0.374949"
"2013-11-07","07 Nov 2013","0.296004"
"2013-11-08","08 Nov 2013","0.338880"
"2013-11-11","11 Nov 2013","0.334160"
"2013-11-12","12 Nov 2013","0.331510"
"2013-11-13","13 Nov 2013","0.305231"
"2013-11-14","14 Nov 2013","0.306687"
"2013-11-15","15 Nov 2013","0.316538"
"2013-11-18","18 Nov 2013","0.307871"
"2013-11-19","19 Nov 2013","0.318939"
"2013-11-20","20 Nov 2013","0.325147"
"2013-11-21","21 Nov 2013","0.333181"
"2013-11-22","22 Nov 2013","0.343698"
"2013-11-25","25 Nov 2013","0.336231"
"2013-11-26","26 Nov 2013","0.328993"
"2013-11-27","27 Nov 2013","0.330586"
"2013-11-28","28 Nov 2013","0.325197"
"2013-11-29","29 Nov 2013","0.326956"
"2013-12-02","02 Dec 2013","0.341395"
"2013-12-03","03 Dec 2013","0.337725"
"2013-12-04","04 Dec 2013","0.365725"
"2013-12-05","05 Dec 2013","0.420519"
"2013-12-06","06 Dec 2013","0.435148"
"2013-12-09","09 Dec 2013","0.429237"
"2013-12-10","10 Dec 2013","0.430238"
"2013-12-11","11 Dec 2013","0.438841"
"2013-12-12","12 Dec 2013","0.461462"
"2013-12-13","13 Dec 2013","0.464181"
"2013-12-16","16 Dec 2013","0.459069"
"2013-12-17","17 Dec 2013","0.448187"
"2013-12-18","18 Dec 2013","0.456668"
"2013-12-19","19 Dec 2013","0.473078"
"2013-12-20","20 Dec 2013","0.479392"
"2013-12-23","23 Dec 2013","0.475308"
"2013-12-24","24 Dec 2013","0.473890"
"2013-12-27","27 Dec 2013","0.510713"
"2013-12-30","30 Dec 2013","0.496847"
"2013-12-31","31 Dec 2013","0.491949"
"2014-01-02","02 Jan 2014","0.493270"
"2014-01-03","03 Jan 2014","0.488343"
"2014-01-06","06 Jan 2014","0.471109"
"2014-01-07","07 Jan 2014","0.470695"
"2014-01-08","08 Jan 2014","0.474290"
"2014-01-09","09 Jan 2014","0.477799"
"2014-01-10","10 Jan 2014","0.441137"
"2014-01-13","13 Jan 2014","0.431146"
"2014-01-14","14 Jan 2014","0.440950"
"2014-01-15","15 Jan 2014","0.462588"
"2014-01-16","16 Jan 2014","0.426109"
"2014-01-17","17 Jan 2014","0.408510"
"2014-01-20","20 Jan 2014","0.390569"
"2014-01-21","21 Jan 2014","0.392704"
"2014-01-22","22 Jan 2014","0.407646"
"2014-01-23","23 Jan 2014","0.391241"
"2014-01-24","24 Jan 2014","0.360422"
"2014-01-27","27 Jan 2014","0.367901"
"2014-01-28","28 Jan 2014","0.365553"
"2014-01-29","29 Jan 2014","0.346395"
"2014-01-30","30 Jan 2014","0.316609"
"2014-01-31","31 Jan 2014","0.280809"
"2014-02-03","03 Feb 2014","0.272449"
"2014-02-04","04 Feb 2014","0.275185"
"2014-02-05","05 Feb 2014","0.276255"
"2014-02-06","06 Feb 2014","0.329420"
"2014-02-07","07 Feb 2014","0.292466"
"2014-02-10","10 Feb 2014","0.306443"
"2014-02-11","11 Feb 2014","0.310828"
"2014-02-12","12 Feb 2014","0.305470"
"2014-02-13","13 Feb 2014","0.286020"
"2014-02-14","14 Feb 2014","0.301797"
"2014-02-17","17 Feb 2014","0.300412"
"2014-02-18","18 Feb 2014","0.297537"
"2014-02-19","19 Feb 2014","0.287275"
"2014-02-20","20 Feb 2014","0.307024"
"2014-02-21","21 Feb 2014","0.297138"
"2014-02-24","24 Feb 2014","0.312616"
"2014-02-25","25 Feb 2014","0.303095"
"2014-02-26","26 Feb 2014","0.272202"
"2014-02-27","27 Feb 2014","0.245283"
"2014-02-28","28 Feb 2014","0.321392"
"2014-03-03","03 Mar 2014","0.288381"
"2014-03-04","04 Mar 2014","0.282036"
"2014-03-05","05 Mar 2014","0.292738"
"2014-03-06","06 Mar 2014","0.338198"
"2014-03-07","07 Mar 2014","0.353850"
"2014-03-10","10 Mar 2014","0.329598"
"2014-03-11","11 Mar 2014","0.336556"
"2014-03-12","12 Mar 2014","0.315492"
"2014-03-13","13 Mar 2014","0.305585"
"2014-03-14","14 Mar 2014","0.290398"
"2014-03-17","17 Mar 2014","0.302248"
"2014-03-18","18 Mar 2014","0.306814"
"2014-03-19","19 Mar 2014","0.326262"
"2014-03-20","20 Mar 2014","0.383747"
"2014-03-21","21 Mar 2014","0.374895"
"2014-03-24","24 Mar 2014","0.352358"
"2014-03-25","25 Mar 2014","0.330787"
"2014-03-26","26 Mar 2014","0.307615"
"2014-03-27","27 Mar 2014","0.282047"
"2014-03-28","28 Mar 2014","0.297674"
"2014-03-31","31 Mar 2014","0.323571"
"2014-04-01","01 Apr 2014","0.328914"
"2014-04-02","02 Apr 2014","0.345534"
"2014-04-03","03 Apr 2014","0.341707"
"2014-04-04","04 Apr 2014","0.308241"
"2014-04-07","07 Apr 2014","0.297028"
"2014-04-08","08 Apr 2014","0.316229"
"2014-04-09","09 Apr 2014","0.341707"
"2014-04-10","10 Apr 2014","0.315144"
"2014-04-11","11 Apr 2014","0.297095"
"2014-04-14","14 Apr 2014","0.299084"
"2014-04-15","15 Apr 2014","0.291327"
"2014-04-16","16 Apr 2014","0.282540"
"2014-04-17","17 Apr 2014","0.311237"
"2014-04-22","22 Apr 2014","0.333878"
"2014-04-23","23 Apr 2014","0.339687"
"2014-04-24","24 Apr 2014","0.332983"
"2014-04-25","25 Apr 2014","0.325573"
"2014-04-28","28 Apr 2014","0.342270"
"2014-04-29","29 Apr 2014","0.323899"
"2014-04-30","30 Apr 2014","0.300687"
"2014-05-02","02 May 2014","0.285904"
"2014-05-05","05 May 2014","0.273075"
"2014-05-06","06 May 2014","0.288864"
"2014-05-07","07 May 2014","0.308793"
"2014-05-08","08 May 2014","0.272125"
"2014-05-09","09 May 2014","0.259856"
"2014-05-12","12 May 2014","0.266299"
"2014-05-13","13 May 2014","0.231723"
"2014-05-14","14 May 2014","0.203530"
"2014-05-15","15 May 2014","0.177319"
"2014-05-16","16 May 2014","0.197562"
"2014-05-19","19 May 2014","0.198844"
"2014-05-20","20 May 2014","0.196013"
"2014-05-21","21 May 2014","0.210522"
"2014-05-22","22 May 2014","0.194392"
"2014-05-23","23 May 2014","0.187717"
"2014-05-26","26 May 2014","0.182794"
"2014-05-27","27 May 2014","0.165765"
"2014-05-28","28 May 2014","0.156096"
"2014-05-29","29 May 2014","0.164847"
"2014-05-30","30 May 2014","0.182504"
"2014-06-02","02 Jun 2014","0.167193"
"2014-06-03","03 Jun 2014","0.194399"
"2014-06-04","04 Jun 2014","0.190430"
"2014-06-05","05 Jun 2014","0.179699"
"2014-06-06","06 Jun 2014","0.121703"
"2014-06-09","09 Jun 2014","0.147162"
"2014-06-10","10 Jun 2014","0.166091"
"2014-06-11","11 Jun 2014","0.152944"
"2014-06-12","12 Jun 2014","0.137187"
"2014-06-13","13 Jun 2014","0.135719"
"2014-06-16","16 Jun 2014","0.126800"
"2014-06-17","17 Jun 2014","0.144625"
"2014-06-18","18 Jun 2014","0.142234"
"2014-06-19","19 Jun 2014","0.118039"
"2014-06-20","20 Jun 2014","0.139530"
"2014-06-23","23 Jun 2014","0.125831"
"2014-06-24","24 Jun 2014","0.131077"
"2014-06-25","25 Jun 2014","0.110469"
"2014-06-26","26 Jun 2014","0.107959"
"2014-06-27","27 Jun 2014","0.123933"
"2014-06-30","30 Jun 2014","0.123483"
"2014-07-01","01 Jul 2014","0.103389"
"2014-07-02","02 Jul 2014","0.114133"
"2014-07-03","03 Jul 2014","0.109768"
"2014-07-04","04 Jul 2014","0.091989"
"2014-07-07","07 Jul 2014","0.096364"
"2014-07-08","08 Jul 2014","0.085072"
"2014-07-09","09 Jul 2014","0.089901"
"2014-07-10","10 Jul 2014","0.081260"
"2014-07-11","11 Jul 2014","0.085435"
"2014-07-14","14 Jul 2014","0.091552"
"2014-07-15","15 Jul 2014","0.081703"
"2014-07-16","16 Jul 2014","0.086892"
"2014-07-17","17 Jul 2014","0.085093"
"2014-07-18","18 Jul 2014","0.084182"
"2014-07-21","21 Jul 2014","0.088237"
"2014-07-22","22 Jul 2014","0.098033"
"2014-07-23","23 Jul 2014","0.087448"
"2014-07-24","24 Jul 2014","0.100456"
"2014-07-25","25 Jul 2014","0.089121"
"2014-07-28","28 Jul 2014","0.090760"
"2014-07-29","29 Jul 2014","0.086263"
"2014-07-30","30 Jul 2014","0.098879"
"2014-07-31","31 Jul 2014","0.104928"
"2014-08-01","01 Aug 2014","0.090816"
"2014-08-04","04 Aug 2014","0.084357"
"2014-08-05","05 Aug 2014","0.100819"
"2014-08-06","06 Aug 2014","0.076957"
"2014-08-07","07 Aug 2014","0.074030"
"2014-08-08","08 Aug 2014","0.069508"
"2014-08-11","11 Aug 2014","0.067229"
"2014-08-12","12 Aug 2014","0.069845"
"2014-08-13","13 Aug 2014","0.058799"
"2014-08-14","14 Aug 2014","0.053243"
"2014-08-15","15 Aug 2014","0.052586"
"2014-08-18","18 Aug 2014","0.055208"
"2014-08-19","19 Aug 2014","0.048638"
"2014-08-20","20 Aug 2014","0.042164"
"2014-08-21","21 Aug 2014","0.047260"
"2014-08-22","22 Aug 2014","0.054266"
"2014-08-25","25 Aug 2014","0.012272"
"2014-08-26","26 Aug 2014","0.028534"
"2014-08-27","27 Aug 2014","0.010160"
"2014-08-28","28 Aug 2014","0.022065"
"2014-08-29","29 Aug 2014","0.023925"
"2014-09-01","01 Sep 2014","0.006968"
"2014-09-02","02 Sep 2014","0.020363"
"2014-09-03","03 Sep 2014","0.025774"
"2014-09-04","04 Sep 2014","-0.023430"
"2014-09-05","05 Sep 2014","-0.034172"
"2014-09-08","08 Sep 2014","-0.034903"
"2014-09-09","09 Sep 2014","-0.018383"
"2014-09-10","10 Sep 2014","-0.009097"
"2014-09-11","11 Sep 2014","-0.009296"
"2014-09-12","12 Sep 2014","0.016672"
"2014-09-15","15 Sep 2014","-0.002946"
"2014-09-16","16 Sep 2014","0.005548"
"2014-09-17","17 Sep 2014","-0.006745"
"2014-09-18","18 Sep 2014","0.023931"
"2014-09-19","19 Sep 2014","-0.000607"
"2014-09-22","22 Sep 2014","-0.009259"
"2014-09-23","23 Sep 2014","0.012685"
"2014-09-24","24 Sep 2014","0.000880"
"2014-09-25","25 Sep 2014","-0.015991"
"2014-09-26","26 Sep 2014","-0.020637"
"2014-09-29","29 Sep 2014","-0.019804"
"2014-09-30","30 Sep 2014","-0.026098"
"2014-10-01","01 Oct 2014","-0.041482"
"2014-10-02","02 Oct 2014","-0.028563"
"2014-10-03","03 Oct 2014","-0.005165"
"2014-10-06","06 Oct 2014","-0.016488"
"2014-10-07","07 Oct 2014","-0.018509"
"2014-10-08","08 Oct 2014","-0.019687"
"2014-10-09","09 Oct 2014","-0.034579"
"2014-10-10","10 Oct 2014","-0.018877"
"2014-10-13","13 Oct 2014","-0.002048"
"2014-10-14","14 Oct 2014","-0.021839"
"2014-10-15","15 Oct 2014","-0.039781"
"2014-10-16","16 Oct 2014","-0.009500"
"2014-10-17","17 Oct 2014","0.007999"
"2014-10-20","20 Oct 2014","-0.006693"
"2014-10-21","21 Oct 2014","0.003372"
"2014-10-22","22 Oct 2014","0.005615"
"2014-10-23","23 Oct 2014","0.004474"
"2014-10-24","24 Oct 2014","0.005169"
"2014-10-27","27 Oct 2014","0.010432"
"2014-10-28","28 Oct 2014","0.006481"
"2014-10-29","29 Oct 2014","0.009992"
"2014-10-30","30 Oct 2014","-0.013298"
"2014-10-31","31 Oct 2014","-0.020292"
"2014-11-03","03 Nov 2014","-0.016283"
"2014-11-04","04 Nov 2014","-0.018565"
"2014-11-05","05 Nov 2014","-0.022660"
"2014-11-06","06 Nov 2014","-0.028476"
"2014-11-07","07 Nov 2014","-0.030170"
"2014-11-10","10 Nov 2014","-0.024557"
"2014-11-11","11 Nov 2014","-0.021755"
"2014-11-12","12 Nov 2014","-0.027588"
"2014-11-13","13 Nov 2014","-0.024600"
"2014-11-14","14 Nov 2014","-0.027639"
"2014-11-17","17 Nov 2014","-0.014832"
"2014-11-18","18 Nov 2014","-0.018104"
"2014-11-19","19 Nov 2014","0.019426"
"2014-11-20","20 Nov 2014","0.004803"
"2014-11-21","21 Nov 2014","-0.012043"
"2014-11-24","24 Nov 2014","-0.014584"
"2014-11-25","25 Nov 2014","-0.019978"
"2014-11-26","26 Nov 2014","-0.019393"
"2014-11-27","27 Nov 2014","-0.027161"
"2014-11-28","28 Nov 2014","-0.019393"
"2014-12-01","01 Dec 2014","-0.009818"
"2014-12-02","02 Dec 2014","0.003014"
"2014-12-03","03 Dec 2014","-0.007893"
"2014-12-04","04 Dec 2014","-0.007677"
"2014-12-05","05 Dec 2014","-0.000563"
"2014-12-08","08 Dec 2014","-0.013888"
"2014-12-09","09 Dec 2014","-0.012565"
"2014-12-10","10 Dec 2014","-0.011563"
"2014-12-11","11 Dec 2014","-0.014418"
"2014-12-12","12 Dec 2014","-0.022792"
"2014-12-15","15 Dec 2014","-0.020421"
"2014-12-16","16 Dec 2014","-0.030800"
"2014-12-17","17 Dec 2014","-0.036258"
"2014-12-18","18 Dec 2014","-0.038902"
"2014-12-19","19 Dec 2014","-0.048391"
"2014-12-22","22 Dec 2014","-0.052461"
"2014-12-23","23 Dec 2014","-0.056570"
"2014-12-24","24 Dec 2014","-0.059247"
"2014-12-29","29 Dec 2014","-0.072010"
"2014-12-30","30 Dec 2014","-0.084984"
"2014-12-31","31 Dec 2014","-0.087797"
"2015-01-02","02 Jan 2015","-0.090529"
"2015-01-05","05 Jan 2015","-0.089507"
"2015-01-06","06 Jan 2015","-0.086754"
"2015-01-07","07 Jan 2015","-0.088694"
"2015-01-08","08 Jan 2015","-0.085862"
"2015-01-09","09 Jan 2015","-0.093605"
"2015-01-12","12 Jan 2015","-0.100705"
"2015-01-13","13 Jan 2015","-0.104370"
"2015-01-14","14 Jan 2015","-0.116432"
"2015-01-15","15 Jan 2015","-0.143797"
"2015-01-16","16 Jan 2015","-0.149360"
"2015-01-19","19 Jan 2015","-0.151125"
"2015-01-20","20 Jan 2015","-0.130167"
"2015-01-21","21 Jan 2015","-0.080168"
"2015-01-22","22 Jan 2015","-0.125809"
"2015-01-23","23 Jan 2015","-0.126910"
"2015-01-26","26 Jan 2015","-0.098950"
"2015-01-27","27 Jan 2015","-0.095480"
"2015-01-28","28 Jan 2015","-0.104153"
"2015-01-29","29 Jan 2015","-0.122770"
"2015-01-30","30 Jan 2015","-0.120855"
"2015-02-02","02 Feb 2015","-0.143236"
"2015-02-03","03 Feb 2015","-0.144098"
"2015-02-04","04 Feb 2015","-0.156247"
"2015-02-05","05 Feb 2015","-0.152114"
"2015-02-06","06 Feb 2015","-0.165178"
"2015-02-09","09 Feb 2015","-0.154920"
"2015-02-10","10 Feb 2015","-0.158307"
"2015-02-11","11 Feb 2015","-0.157349"
"2015-02-12","12 Feb 2015","-0.166974"
"2015-02-13","13 Feb 2015","-0.178969"
"2015-02-16","16 Feb 2015","-0.181224"
"2015-02-17","17 Feb 2015","-0.165492"
"2015-02-18","18 Feb 2015","-0.175238"
"2015-02-19","19 Feb 2015","-0.174661"
"2015-02-20","20 Feb 2015","-0.185690"
"2015-02-23","23 Feb 2015","-0.180428"
"2015-02-24","24 Feb 2015","-0.173447"
"2015-02-25","25 Feb 2015","-0.186690"
"2015-02-26","26 Feb 2015","-0.204484"
"2015-02-27","27 Feb 2015","-0.186924"
"2015-03-02","02 Mar 2015","-0.177308"
"2015-03-03","03 Mar 2015","-0.167542"
"2015-03-04","04 Mar 2015","-0.163728"
"2015-03-05","05 Mar 2015","-0.173166"
"2015-03-06","06 Mar 2015","-0.172784"
"2015-03-09","09 Mar 2015","-0.188321"
"2015-03-10","10 Mar 2015","-0.212519"
"2015-03-11","11 Mar 2015","-0.204963"
"2015-03-12","12 Mar 2015","-0.203932"
"2015-03-13","13 Mar 2015","-0.189422"
"2015-03-16","16 Mar 2015","-0.179329"
"2015-03-17","17 Mar 2015","-0.158421"
"2015-03-18","18 Mar 2015","-0.195258"
"2015-03-19","19 Mar 2015","-0.191979"
"2015-03-20","20 Mar 2015","-0.197533"
"2015-03-23","23 Mar 2015","-0.174564"
"2015-03-24","24 Mar 2015","-0.170254"
"2015-03-25","25 Mar 2015","-0.173569"
"2015-03-26","26 Mar 2015","-0.198441"
"2015-03-27","27 Mar 2015","-0.194835"
"2015-03-30","30 Mar 2015","-0.194044"
"2015-03-31","31 Mar 2015","-0.202360"
"2015-04-01","01 Apr 2015","-0.218076"
"2015-04-02","02 Apr 2015","-0.208065"
"2015-04-07","07 Apr 2015","-0.208907"
"2015-04-08","08 Apr 2015","-0.232176"
"2015-04-09","09 Apr 2015","-0.232974"
"2015-04-10","10 Apr 2015","-0.229298"
"2015-04-13","13 Apr 2015","-0.230034"
"2015-04-14","14 Apr 2015","-0.225252"
"2015-04-15","15 Apr 2015","-0.225863"
"2015-04-16","16 Apr 2015","-0.225210"
"2015-04-17","17 Apr 2015","-0.224685"
"2015-04-20","20 Apr 2015","-0.207536"
"2015-04-21","21 Apr 2015","-0.210919"
"2015-04-22","22 Apr 2015","-0.194216"
"2015-04-23","23 Apr 2015","-0.211471"
"2015-04-24","24 Apr 2015","-0.208016"
"2015-04-27","27 Apr 2015","-0.203789"
"2015-04-28","28 Apr 2015","-0.217980"
"2015-04-29","29 Apr 2015","-0.173324"
"2015-04-30","30 Apr 2015","-0.136258"
"2015-05-04","04 May 2015","-0.117950"
"2015-05-05","05 May 2015","-0.104694"
"2015-05-06","06 May 2015","-0.109867"
"2015-05-07","07 May 2015","-0.106397"
"2015-05-08","08 May 2015","-0.125077"
"2015-05-11","11 May 2015","-0.118817"
"2015-05-12","12 May 2015","-0.093022"
"2015-05-13","13 May 2015","-0.099417"
"2015-05-14","14 May 2015","-0.088968"
"2015-05-15","15 May 2015","-0.106292"
"2015-05-18","18 May 2015","-0.102642"
"2015-05-19","19 May 2015","-0.117195"
"2015-05-20","20 May 2015","-0.123972"
"2015-05-21","21 May 2015","-0.131917"
"2015-05-22","22 May 2015","-0.129547"
"2015-05-25","25 May 2015","-0.128555"
"2015-05-26","26 May 2015","-0.140622"
"2015-05-27","27 May 2015","-0.149319"
"2015-05-28","28 May 2015","-0.154214"
"2015-05-29","29 May 2015","-0.162126"
"2015-06-01","01 Jun 2015","-0.164023"
"2015-06-02","02 Jun 2015","-0.111307"
"2015-06-03","03 Jun 2015","-0.069754"
"2015-06-04","04 Jun 2015","-0.087045"
"2015-06-05","05 Jun 2015","-0.072915"
"2015-06-08","08 Jun 2015","-0.067781"
"2015-06-09","09 Jun 2015","-0.040762"
"2015-06-10","10 Jun 2015","-0.059417"
"2015-06-11","11 Jun 2015","-0.070162"
"2015-06-12","12 Jun 2015","-0.087324"
"2015-06-15","15 Jun 2015","-0.079087"
"2015-06-16","16 Jun 2015","-0.087263"
"2015-06-17","17 Jun 2015","-0.090418"
"2015-06-18","18 Jun 2015","-0.097991"
"2015-06-19","19 Jun 2015","-0.105203"
"2015-06-22","22 Jun 2015","-0.081374"
"2015-06-23","23 Jun 2015","-0.091879"
"2015-06-24","24 Jun 2015","-0.105234"
"2015-06-25","25 Jun 2015","-0.107735"
"2015-06-26","26 Jun 2015","-0.096598"
"2015-06-29","29 Jun 2015","-0.112088"
"2015-06-30","30 Jun 2015","-0.131148"
"2015-07-01","01 Jul 2015","-0.134894"
"2015-07-02","02 Jul 2015","-0.155234"
"2015-07-03","03 Jul 2015","-0.174750"
"2015-07-06","06 Jul 2015","-0.175330"
"2015-07-07","07 Jul 2015","-0.191810"
"2015-07-08","08 Jul 2015","-0.182036"
"2015-07-09","09 Jul 2015","-0.182562"
"2015-07-10","10 Jul 2015","-0.104879"
"2015-07-13","13 Jul 2015","-0.107446"
"2015-07-14","14 Jul 2015","-0.121112"
"2015-07-15","15 Jul 2015","-0.150894"
"2015-07-16","16 Jul 2015","-0.123888"
"2015-07-17","17 Jul 2015","-0.142260"
"2015-07-20","20 Jul 2015","-0.145157"
"2015-07-21","21 Jul 2015","-0.138917"
"2015-07-22","22 Jul 2015","-0.145171"
"2015-07-23","23 Jul 2015","-0.149622"
"2015-07-24","24 Jul 2015","-0.164401"
"2015-07-27","27 Jul 2015","-0.164175"
"2015-07-28","28 Jul 2015","-0.158951"
"2015-07-29","29 Jul 2015","-0.164496"
"2015-07-30","30 Jul 2015","-0.181423"
"2015-07-31","31 Jul 2015","-0.171642"
"2015-08-03","03 Aug 2015","-0.180917"
"2015-08-04","04 Aug 2015","-0.180738"
"2015-08-05","05 Aug 2015","-0.158767"
"2015-08-06","06 Aug 2015","-0.169968"
"2015-08-07","07 Aug 2015","-0.191416"
"2015-08-10","10 Aug 2015","-0.189420"
"2015-08-11","11 Aug 2015","-0.200088"
"2015-08-12","12 Aug 2015","-0.206464"
"2015-08-13","13 Aug 2015","-0.196534"
"2015-08-14","14 Aug 2015","-0.191595"
"2015-08-17","17 Aug 2015","-0.187696"
"2015-08-18","18 Aug 2015","-0.172429"
"2015-08-19","19 Aug 2015","-0.169930"
"2015-08-20","20 Aug 2015","-0.192291"
"2015-08-21","21 Aug 2015","-0.184281"
"2015-08-24","24 Aug 2015","-0.191918"
"2015-08-25","25 Aug 2015","-0.141517"
"2015-08-26","26 Aug 2015","-0.139007"
"2015-08-27","27 Aug 2015","-0.137291"
"2015-08-28","28 Aug 2015","-0.140490"
"2015-08-31","31 Aug 2015","-0.124758"
"2015-09-01","01 Sep 2015","-0.100227"
"2015-09-02","02 Sep 2015","-0.108109"
"2015-09-03","03 Sep 2015","-0.151930"
"2015-09-04","04 Sep 2015","-0.159940"
"2015-09-07","07 Sep 2015","-0.164167"
"2015-09-08","08 Sep 2015","-0.154369"
"2015-09-09","09 Sep 2015","-0.158061"
"2015-09-10","10 Sep 2015","-0.161706"
"2015-09-11","11 Sep 2015","-0.171303"
"2015-09-14","14 Sep 2015","-0.177303"
"2015-09-15","15 Sep 2015","-0.155364"
"2015-09-16","16 Sep 2015","-0.143567"
"2015-09-17","17 Sep 2015","-0.122484"
"2015-09-18","18 Sep 2015","-0.168884"
"2015-09-21","21 Sep 2015","-0.157479"
"2015-09-22","22 Sep 2015","-0.195843"
"2015-09-23","23 Sep 2015","-0.185694"
"2015-09-24","24 Sep 2015","-0.184518"
"2015-09-25","25 Sep 2015","-0.167557"
"2015-09-28","28 Sep 2015","-0.180800"
"2015-09-29","29 Sep 2015","-0.183746"
"2015-09-30","30 Sep 2015","-0.184073"
"2015-10-01","01 Oct 2015","-0.216650"
"2015-10-02","02 Oct 2015","-0.227407"
"2015-10-05","05 Oct 2015","-0.208468"
"2015-10-06","06 Oct 2015","-0.186136"
"2015-10-07","07 Oct 2015","-0.185365"
"2015-10-08","08 Oct 2015","-0.195678"
"2015-10-09","09 Oct 2015","-0.187175"
"2015-10-12","12 Oct 2015","-0.199558"
"2015-10-13","13 Oct 2015","-0.197466"
"2015-10-14","14 Oct 2015","-0.210973"
"2015-10-15","15 Oct 2015","-0.214502"
"2015-10-16","16 Oct 2015","-0.209593"
"2015-10-19","19 Oct 2015","-0.213010"
"2015-10-20","20 Oct 2015","-0.175846"
"2015-10-21","21 Oct 2015","-0.193367"
"2015-10-22","22 Oct 2015","-0.287268"
"2015-10-23","23 Oct 2015","-0.270034"
"2015-10-26","26 Oct 2015","-0.274499"
"2015-10-27","27 Oct 2015","-0.290308"
"2015-10-28","28 Oct 2015","-0.288874"
"2015-10-29","29 Oct 2015","-0.270342"
"2015-10-30","30 Oct 2015","-0.255658"
"2015-11-02","02 Nov 2015","-0.239880"
"2015-11-03","03 Nov 2015","-0.248924"
"2015-11-04","04 Nov 2015","-0.262998"
"2015-11-05","05 Nov 2015","-0.253469"
"2015-11-06","06 Nov 2015","-0.217153"
"2015-11-09","09 Nov 2015","-0.243526"
"2015-11-10","10 Nov 2015","-0.282334"
"2015-11-11","11 Nov 2015","-0.287357"
"2015-11-12","12 Nov 2015","-0.289433"
"2015-11-13","13 Nov 2015","-0.303036"
"2015-11-16","16 Nov 2015","-0.310618"
"2015-11-17","17 Nov 2015","-0.315190"
"2015-11-18","18 Nov 2015","-0.318256"
"2015-11-19","19 Nov 2015","-0.322107"
"2015-11-20","20 Nov 2015","-0.332707"
"2015-11-23","23 Nov 2015","-0.327901"
"2015-11-24","24 Nov 2015","-0.322453"
"2015-11-25","25 Nov 2015","-0.356188"
"2015-11-26","26 Nov 2015","-0.355311"
"2015-11-27","27 Nov 2015","-0.367685"
"2015-11-30","30 Nov 2015","-0.357015"
"2015-12-01","01 Dec 2015","-0.364820"
"2015-12-02","02 Dec 2015","-0.382245"
"2015-12-03","03 Dec 2015","-0.258447"
"2015-12-04","04 Dec 2015","-0.220419"
"2015-12-07","07 Dec 2015","-0.246252"
"2015-12-08","08 Dec 2015","-0.253204"
"2015-12-09","09 Dec 2015","-0.267554"
"2015-12-10","10 Dec 2015","-0.282363"
"2015-12-11","11 Dec 2015","-0.304086"
"2015-12-14","14 Dec 2015","-0.284301"
"2015-12-15","15 Dec 2015","-0.264687"
"2015-12-16","16 Dec 2015","-0.263810"
"2015-12-17","17 Dec 2015","-0.273760"
"2015-12-18","18 Dec 2015","-0.294926"
"2015-12-21","21 Dec 2015","-0.300466"
"2015-12-22","22 Dec 2015","-0.275729"
"2015-12-23","23 Dec 2015","-0.257961"
"2015-12-28","28 Dec 2015","-0.260259"
"2015-12-29","29 Dec 2015","-0.245264"
"2015-12-30","30 Dec 2015","-0.261397"
"2016-01-04","04 Jan 2016","-0.290997"
"2016-01-05","05 Jan 2016","-0.303054"
"2016-01-06","06 Jan 2016","-0.317290"
"2016-01-07","07 Jan 2016","-0.307835"
"2016-01-08","08 Jan 2016","-0.317598"
"2016-01-11","11 Jan 2016","-0.304736"
"2016-01-12","12 Jan 2016","-0.288614"
"2016-01-13","13 Jan 2016","-0.306002"
"2016-01-14","14 Jan 2016","-0.321352"
"2016-01-15","15 Jan 2016","-0.329638"
"2016-01-18","18 Jan 2016","-0.324980"
"2016-01-19","19 Jan 2016","-0.325766"
"2016-01-20","20 Jan 2016","-0.344666"
"2016-01-21","21 Jan 2016","-0.390774"
"2016-01-22","22 Jan 2016","-0.383174"
"2016-01-25","25 Jan 2016","-0.380997"
"2016-01-26","26 Jan 2016","-0.395681"
"2016-01-27","27 Jan 2016","-0.384061"
"2016-01-28","28 Jan 2016","-0.397538"
"2016-01-29","29 Jan 2016","-0.435058"
"2016-02-01","01 Feb 2016","-0.426149"
"2016-02-02","02 Feb 2016","-0.435869"
"2016-02-03","03 Feb 2016","-0.439213"
"2016-02-04","04 Feb 2016","-0.437630"
"2016-02-05","05 Feb 2016","-0.436785"
"2016-02-08","08 Feb 2016","-0.461466"
"2016-02-09","09 Feb 2016","-0.452035"
"2016-02-10","10 Feb 2016","-0.458139"
"2016-02-11","11 Feb 2016","-0.471626"
"2016-02-12","12 Feb 2016","-0.462000"
"2016-02-15","15 Feb 2016","-0.456630"
"2016-02-16","16 Feb 2016","-0.450122"
"2016-02-17","17 Feb 2016","-0.450304"
"2016-02-18","18 Feb 2016","-0.460543"
"2016-02-19","19 Feb 2016","-0.473141"
"2016-02-22","22 Feb 2016","-0.477106"
"2016-02-23","23 Feb 2016","-0.455236"
"2016-02-24","24 Feb 2016","-0.477944"
"2016-02-25","25 Feb 2016","-0.479560"
"2016-02-26","26 Feb 2016","-0.497956"
"2016-02-29","29 Feb 2016","-0.521682"
"2016-03-01","01 Mar 2016","-0.517054"
"2016-03-02","02 Mar 2016","-0.502687"
"2016-03-03","03 Mar 2016","-0.526358"
"2016-03-04","04 Mar 2016","-0.505666"
"2016-03-07","07 Mar 2016","-0.503851"
"2016-03-08","08 Mar 2016","-0.528938"
"2016-03-09","09 Mar 2016","-0.491346"
"2016-03-10","10 Mar 2016","-0.497883"
"2016-03-11","11 Mar 2016","-0.426572"
"2016-03-14","14 Mar 2016","-0.430237"
"2016-03-15","15 Mar 2016","-0.407610"
"2016-03-16","16 Mar 2016","-0.419010"
"2016-03-17","17 Mar 2016","-0.433594"
"2016-03-18","18 Mar 2016","-0.447484"
"2016-03-21","21 Mar 2016","-0.443531"
"2016-03-22","22 Mar 2016","-0.448591"
"2016-03-23","23 Mar 2016","-0.447895"
"2016-03-24","24 Mar 2016","-0.453831"
"2016-03-29","29 Mar 2016","-0.469932"
"2016-03-30","30 Mar 2016","-0.461570"
"2016-03-31","31 Mar 2016","-0.462096"
"2016-04-01","01 Apr 2016","-0.467802"
"2016-04-04","04 Apr 2016","-0.454333"
"2016-04-05","05 Apr 2016","-0.475115"
"2016-04-06","06 Apr 2016","-0.474302"
"2016-04-07","07 Apr 2016","-0.496621"
"2016-04-08","08 Apr 2016","-0.500749"
"2016-04-11","11 Apr 2016","-0.494896"
"2016-04-12","12 Apr 2016","-0.508814"
"2016-04-13","13 Apr 2016","-0.506511"
"2016-04-14","14 Apr 2016","-0.500050"
"2016-04-15","15 Apr 2016","-0.508595"
"2016-04-18","18 Apr 2016","-0.498969"
"2016-04-19","19 Apr 2016","-0.498262"
"2016-04-20","20 Apr 2016","-0.500386"
"2016-04-21","21 Apr 2016","-0.477462"
"2016-04-22","22 Apr 2016","-0.474242"
"2016-04-25","25 Apr 2016","-0.470294"
"2016-04-26","26 Apr 2016","-0.460795"
"2016-04-27","27 Apr 2016","-0.462230"
"2016-04-28","28 Apr 2016","-0.477200"
"2016-04-29","29 Apr 2016","-0.457888"
"2016-05-02","02 May 2016","-0.448272"
"2016-05-03","03 May 2016","-0.482805"
"2016-05-04","04 May 2016","-0.478158"
"2016-05-05","05 May 2016","-0.501187"
"2016-05-06","06 May 2016","-0.506263"
"2016-05-09","09 May 2016","-0.508577"
"2016-05-10","10 May 2016","-0.506243"
"2016-05-11","11 May 2016","-0.510314"
"2016-05-12","12 May 2016","-0.511597"
"2016-05-13","13 May 2016","-0.507372"
"2016-05-16","16 May 2016","-0.501541"
"2016-05-17","17 May 2016","-0.502021"
"2016-05-18","18 May 2016","-0.489042"
"2016-05-19","19 May 2016","-0.493344"
"2016-05-20","20 May 2016","-0.487164"
"2016-05-23","23 May 2016","-0.487398"
"2016-05-24","24 May 2016","-0.489724"
"2016-05-25","25 May 2016","-0.502895"
"2016-05-26","26 May 2016","-0.504399"
"2016-05-27","27 May 2016","-0.512968"
"2016-05-30","30 May 2016","-0.496186"
"2016-05-31","31 May 2016","-0.488980"
"2016-06-01","01 Jun 2016","-0.507956"
"2016-06-02","02 Jun 2016","-0.500524"
"2016-06-03","03 Jun 2016","-0.521800"
"2016-06-06","06 Jun 2016","-0.527617"
"2016-06-07","07 Jun 2016","-0.527366"
"2016-06-08","08 Jun 2016","-0.525386"
"2016-06-09","09 Jun 2016","-0.535366"
"2016-06-10","10 Jun 2016","-0.537475"
"2016-06-13","13 Jun 2016","-0.530221"
"2016-06-14","14 Jun 2016","-0.560769"
"2016-06-15","15 Jun 2016","-0.573312"
"2016-06-16","16 Jun 2016","-0.584701"
"2016-06-17","17 Jun 2016","-0.588636"
"2016-06-20","20 Jun 2016","-0.573496"
"2016-06-21","21 Jun 2016","-0.578783"
"2016-06-22","22 Jun 2016","-0.567595"
"2016-06-23","23 Jun 2016","-0.554428"
"2016-06-24","24 Jun 2016","-0.646064"
"2016-06-27","27 Jun 2016","-0.643121"
"2016-06-28","28 Jun 2016","-0.640561"
"2016-06-29","29 Jun 2016","-0.646981"
"2016-06-30","30 Jun 2016","-0.644819"
"2016-07-01","01 Jul 2016","-0.650939"
"2016-07-04","04 Jul 2016","-0.661209"
"2016-07-05","05 Jul 2016","-0.679661"
"2016-07-06","06 Jul 2016","-0.687494"
"2016-07-07","07 Jul 2016","-0.684540"
"2016-07-08","08 Jul 2016","-0.698024"
"2016-07-11","11 Jul 2016","-0.697445"
"2016-07-12","12 Jul 2016","-0.674037"
"2016-07-13","13 Jul 2016","-0.683342"
"2016-07-14","14 Jul 2016","-0.660852"
"2016-07-15","15 Jul 2016","-0.656817"
"2016-07-18","18 Jul 2016","-0.664039"
"2016-07-19","19 Jul 2016","-0.651239"
"2016-07-20","20 Jul 2016","-0.638001"
"2016-07-21","21 Jul 2016","-0.624601"
"2016-07-22","22 Jul 2016","-0.628239"
"2016-07-25","25 Jul 2016","-0.625497"
"2016-07-26","26 Jul 2016","-0.626166"
"2016-07-27","27 Jul 2016","-0.638233"
"2016-07-28","28 Jul 2016","-0.632298"
"2016-07-29","29 Jul 2016","-0.646772"
"2016-08-01","01 Aug 2016","-0.645101"
"2016-08-02","02 Aug 2016","-0.620274"
"2016-08-03","03 Aug 2016","-0.618353"
"2016-08-04","04 Aug 2016","-0.644813"
"2016-08-05","05 Aug 2016","-0.646079"
"2016-08-08","08 Aug 2016","-0.641602"
"2016-08-09","09 Aug 2016","-0.649403"
"2016-08-10","10 Aug 2016","-0.662853"
"2016-08-11","11 Aug 2016","-0.665302"
"2016-08-12","12 Aug 2016","-0.659792"
"2016-08-15","15 Aug 2016","-0.636062"
"2016-08-16","16 Aug 2016","-0.631487"
"2016-08-17","17 Aug 2016","-0.632001"
"2016-08-18","18 Aug 2016","-0.645904"
"2016-08-19","19 Aug 2016","-0.633041"
"2016-08-22","22 Aug 2016","-0.643236"
"2016-08-23","23 Aug 2016","-0.642890"
"2016-08-24","24 Aug 2016","-0.640538"
"2016-08-25","25 Aug 2016","-0.629208"
"2016-08-26","26 Aug 2016","-0.632391"
"2016-08-29","29 Aug 2016","-0.633852"
"2016-08-30","30 Aug 2016","-0.640070"
"2016-08-31","31 Aug 2016","-0.642707"
"2016-09-01","01 Sep 2016","-0.632358"
"2016-09-02","02 Sep 2016","-0.642737"
"2016-09-05","05 Sep 2016","-0.645861"
"2016-09-06","06 Sep 2016","-0.667446"
"2016-09-07","07 Sep 2016","-0.686374"
"2016-09-08","08 Sep 2016","-0.657470"
"2016-09-09","09 Sep 2016","-0.636612"
"2016-09-12","12 Sep 2016","-0.626227"
"2016-09-13","13 Sep 2016","-0.623201"
"2016-09-14","14 Sep 2016","-0.641767"
"2016-09-15","15 Sep 2016","-0.635469"
"2016-09-16","16 Sep 2016","-0.649771"
"2016-09-19","19 Sep 2016","-0.647496"
"2016-09-20","20 Sep 2016","-0.658211"
"2016-09-21","21 Sep 2016","-0.650512"
"2016-09-22","22 Sep 2016","-0.675170"
"2016-09-23","23 Sep 2016","-0.674831"
"2016-09-26","26 Sep 2016","-0.686018"
"2016-09-27","27 Sep 2016","-0.714501"
"2016-09-28","28 Sep 2016","-0.712067"
"2016-09-29","29 Sep 2016","-0.698786"
"2016-09-30","30 Sep 2016","-0.703841"
"2016-10-03","03 Oct 2016","-0.694212"
"2016-10-04","04 Oct 2016","-0.694358"
"2016-10-05","05 Oct 2016","-0.675015"
"2016-10-06","06 Oct 2016","-0.658875"
"2016-10-07","07 Oct 2016","-0.662765"
"2016-10-10","10 Oct 2016","-0.645888"
"2016-10-11","11 Oct 2016","-0.646408"
"2016-10-12","12 Oct 2016","-0.639682"
"2016-10-13","13 Oct 2016","-0.648284"
"2016-10-14","14 Oct 2016","-0.644029"
"2016-10-17","17 Oct 2016","-0.645044"
"2016-10-18","18 Oct 2016","-0.655446"
"2016-10-19","19 Oct 2016","-0.659852"
"2016-10-20","20 Oct 2016","-0.653598"
"2016-10-21","21 Oct 2016","-0.651210"
"2016-10-24","24 Oct 2016","-0.648371"
"2016-10-25","25 Oct 2016","-0.640054"
"2016-10-26","26 Oct 2016","-0.613976"
"2016-10-27","27 Oct 2016","-0.593955"
"2016-10-28","28 Oct 2016","-0.584584"
"2016-10-31","31 Oct 2016","-0.581842"
"2016-11-01","01 Nov 2016","-0.574963"
"2016-11-02","02 Nov 2016","-0.599432"
"2016-11-03","03 Nov 2016","-0.597594"
"2016-11-04","04 Nov 2016","-0.617208"
"2016-11-07","07 Nov 2016","-0.604627"
"2016-11-08","08 Nov 2016","-0.602749"
"2016-11-09","09 Nov 2016","-0.619761"
"2016-11-10","10 Nov 2016","-0.565882"
"2016-11-11","11 Nov 2016","-0.554345"
"2016-11-14","14 Nov 2016","-0.542149"
"2016-11-15","15 Nov 2016","-0.564290"
"2016-11-16","16 Nov 2016","-0.560232"
"2016-11-17","17 Nov 2016","-0.574396"
"2016-11-18","18 Nov 2016","-0.600165"
"2016-11-21","21 Nov 2016","-0.609207"
"2016-11-22","22 Nov 2016","-0.662808"
"2016-11-23","23 Nov 2016","-0.624537"
"2016-11-24","24 Nov 2016","-0.673791"
"2016-11-25","25 Nov 2016","-0.690565"
"2016-11-28","28 Nov 2016","-0.708292"
"2016-11-29","29 Nov 2016","-0.698527"
"2016-11-30","30 Nov 2016","-0.700787"
"2016-12-01","01 Dec 2016","-0.681766"
"2016-12-02","02 Dec 2016","-0.654549"
"2016-12-05","05 Dec 2016","-0.632533"
"2016-12-06","06 Dec 2016","-0.626604"
"2016-12-07","07 Dec 2016","-0.614870"
"2016-12-08","08 Dec 2016","-0.617117"
"2016-12-09","09 Dec 2016","-0.700815"
"2016-12-12","12 Dec 2016","-0.677872"
"2016-12-13","13 Dec 2016","-0.695188"
"2016-12-14","14 Dec 2016","-0.702225"
"2016-12-15","15 Dec 2016","-0.710883"
"2016-12-16","16 Dec 2016","-0.732625"
"2016-12-19","19 Dec 2016","-0.745528"
"2016-12-20","20 Dec 2016","-0.736860"
"2016-12-21","21 Dec 2016","-0.735923"
"2016-12-22","22 Dec 2016","-0.737931"
"2016-12-23","23 Dec 2016","-0.741095"
"2016-12-27","27 Dec 2016","-0.752193"
"2016-12-28","28 Dec 2016","-0.765447"
"2016-12-29","29 Dec 2016","-0.736307"
"2016-12-30","30 Dec 2016","-0.743420"
"2017-01-02","02 Jan 2017","-0.774115"
"2017-01-03","03 Jan 2017","-0.742486"
"2017-01-04","04 Jan 2017","-0.732990"
"2017-01-05","05 Jan 2017","-0.698431"
"2017-01-06","06 Jan 2017","-0.674712"
"2017-01-09","09 Jan 2017","-0.689760"
"2017-01-10","10 Jan 2017","-0.688058"
"2017-01-11","11 Jan 2017","-0.672671"
"2017-01-12","12 Jan 2017","-0.676677"
"2017-01-13","13 Jan 2017","-0.679333"
"2017-01-16","16 Jan 2017","-0.694202"
"2017-01-17","17 Jan 2017","-0.711428"
"2017-01-18","18 Jan 2017","-0.675088"
"2017-01-19","19 Jan 2017","-0.659280"
"2017-01-20","20 Jan 2017","-0.639483"
"2017-01-23","23 Jan 2017","-0.636756"
"2017-01-24","24 Jan 2017","-0.636786"
"2017-01-25","25 Jan 2017","-0.607274"
"2017-01-26","26 Jan 2017","-0.600835"
"2017-01-27","27 Jan 2017","-0.601094"
"2017-01-30","30 Jan 2017","-0.595187"
"2017-01-31","31 Jan 2017","-0.605578"
"2017-02-01","01 Feb 2017","-0.625190"
"2017-02-02","02 Feb 2017","-0.662695"
"2017-02-03","03 Feb 2017","-0.667663"
"2017-02-06","06 Feb 2017","-0.701145"
"2017-02-07","07 Feb 2017","-0.709403"
"2017-02-08","08 Feb 2017","-0.742987"
"2017-02-09","09 Feb 2017","-0.738370"
"2017-02-10","10 Feb 2017","-0.723097"
"2017-02-13","13 Feb 2017","-0.727280"
"2017-02-14","14 Feb 2017","-0.729080"
"2017-02-15","15 Feb 2017","-0.717935"
"2017-02-16","16 Feb 2017","-0.706973"
"2017-02-17","17 Feb 2017","-0.742202"
"2017-02-20","20 Feb 2017","-0.760150"
"2017-02-21","21 Feb 2017","-0.766551"
"2017-02-22","22 Feb 2017","-0.826458"
"2017-02-23","23 Feb 2017","-0.836567"
"2017-02-24","24 Feb 2017","-0.866750"
"2017-02-27","27 Feb 2017","-0.852365"
"2017-02-28","28 Feb 2017","-0.834714"
"2017-03-01","01 Mar 2017","-0.790520"
"2017-03-02","02 Mar 2017","-0.779260"
"2017-03-03","03 Mar 2017","-0.743307"
"2017-03-06","06 Mar 2017","-0.738697"
"2017-03-07","07 Mar 2017","-0.784762"
"2017-03-08","08 Mar 2017","-0.752806"
"2017-03-09","09 Mar 2017","-0.738378"
"2017-03-10","10 Mar 2017","-0.713857"
"2017-03-13","13 Mar 2017","-0.679556"
"2017-03-14","14 Mar 2017","-0.675480"
"2017-03-15","15 Mar 2017","-0.695961"
"2017-03-16","16 Mar 2017","-0.665591"
"2017-03-17","17 Mar 2017","-0.658388"
"2017-03-20","20 Mar 2017","-0.653407"
"2017-03-21","21 Mar 2017","-0.608241"
"2017-03-22","22 Mar 2017","-0.653970"
"2017-03-23","23 Mar 2017","-0.645240"
"2017-03-24","24 Mar 2017","-0.622397"
"2017-03-27","27 Mar 2017","-0.602179"
"2017-03-28","28 Mar 2017","-0.608702"
"2017-03-29","29 Mar 2017","-0.662509"
"2017-03-30","30 Mar 2017","-0.655586"
"2017-03-31","31 Mar 2017","-0.653168"
"2017-04-03","03 Apr 2017","-0.713526"
"2017-04-04","04 Apr 2017","-0.740909"
"2017-04-05","05 Apr 2017","-0.726688"
"2017-04-06","06 Apr 2017","-0.729176"
"2017-04-07","07 Apr 2017","-0.753421"
"2017-04-10","10 Apr 2017","-0.770791"
"2017-04-11","11 Apr 2017","-0.778732"
"2017-04-12","12 Apr 2017","-0.777263"
"2017-04-13","13 Apr 2017","-0.794325"
"2017-04-18","18 Apr 2017","-0.782306"
"2017-04-19","19 Apr 2017","-0.730699"
"2017-04-20","20 Apr 2017","-0.707335"
"2017-04-21","21 Apr 2017","-0.700098"
"2017-04-24","24 Apr 2017","-0.604437"
"2017-04-25","25 Apr 2017","-0.602280"
"2017-04-26","26 Apr 2017","-0.605607"
"2017-04-27","27 Apr 2017","-0.631357"
"2017-04-28","28 Apr 2017","-0.643291"
"2017-05-02","02 May 2017","-0.648554"
"2017-05-03","03 May 2017","-0.641371"
"2017-05-04","04 May 2017","-0.617595"
"2017-05-05","05 May 2017","-0.600251"
"2017-05-08","08 May 2017","-0.589254"
"2017-05-09","09 May 2017","-0.577053"
"2017-05-10","10 May 2017","-0.584121"
"2017-05-11","11 May 2017","-0.565416"
"2017-05-12","12 May 2017","-0.583524"
"2017-05-15","15 May 2017","-0.576676"
"2017-05-16","16 May 2017","-0.577899"
"2017-05-17","17 May 2017","-0.602241"
"2017-05-18","18 May 2017","-0.615502"
"2017-05-19","19 May 2017","-0.601421"
"2017-05-22","22 May 2017","-0.586841"
"2017-05-23","23 May 2017","-0.586847"
"2017-05-24","24 May 2017","-0.596836"
"2017-05-25","25 May 2017","-0.611192"
"2017-05-26","26 May 2017","-0.628905"
"2017-05-29","29 May 2017","-0.658240"
"2017-05-30","30 May 2017","-0.664149"
"2017-05-31","31 May 2017","-0.669083"
"2017-06-01","01 Jun 2017","-0.660713"
"2017-06-02","02 Jun 2017","-0.677284"
"2017-06-05","05 Jun 2017","-0.663076"
"2017-06-06","06 Jun 2017","-0.681659"
"2017-06-07","07 Jun 2017","-0.684313"
"2017-06-08","08 Jun 2017","-0.676066"
"2017-06-09","09 Jun 2017","-0.683141"
"2017-06-12","12 Jun 2017","-0.682597"
"2017-06-13","13 Jun 2017","-0.655535"
"2017-06-14","14 Jun 2017","-0.650176"
"2017-06-15","15 Jun 2017","-0.590279"
"2017-06-16","16 Jun 2017","-0.611017"
"2017-06-19","19 Jun 2017","-0.600462"
"2017-06-20","20 Jun 2017","-0.604487"
"2017-06-21","21 Jun 2017","-0.588152"
"2017-06-22","22 Jun 2017","-0.596092"
"2017-06-23","23 Jun 2017","-0.580302"
"2017-06-26","26 Jun 2017","-0.587296"
"2017-06-27","27 Jun 2017","-0.524291"
"2017-06-28","28 Jun 2017","-0.514943"
"2017-06-29","29 Jun 2017","-0.491030"
"2017-06-30","30 Jun 2017","-0.476417"
"2017-07-03","03 Jul 2017","-0.499746"
"2017-07-04","04 Jul 2017","-0.506186"
"2017-07-05","05 Jul 2017","-0.502628"
"2017-07-06","06 Jul 2017","-0.464867"
"2017-07-07","07 Jul 2017","-0.480436"
"2017-07-10","10 Jul 2017","-0.498558"
"2017-07-11","11 Jul 2017","-0.481960"
"2017-07-12","12 Jul 2017","-0.498170"
"2017-07-13","13 Jul 2017","-0.499364"
"2017-07-14","14 Jul 2017","-0.507134"
"2017-07-17","17 Jul 2017","-0.506247"
"2017-07-18","18 Jul 2017","-0.514077"
"2017-07-19","19 Jul 2017","-0.520402"
"2017-07-20","20 Jul 2017","-0.526108"
"2017-07-21","21 Jul 2017","-0.532410"
"2017-07-24","24 Jul 2017","-0.546665"
"2017-07-25","25 Jul 2017","-0.524979"
"2017-07-26","26 Jul 2017","-0.534913"
"2017-07-27","27 Jul 2017","-0.551590"
"2017-07-28","28 Jul 2017","-0.546082"
"2017-07-31","31 Jul 2017","-0.556829"
"2017-08-01","01 Aug 2017","-0.570903"
"2017-08-02","02 Aug 2017","-0.586215"
"2017-08-03","03 Aug 2017","-0.576838"
"2017-08-04","04 Aug 2017","-0.568119"
"2017-08-07","07 Aug 2017","-0.576548"
"2017-08-08","08 Aug 2017","-0.568154"
"2017-08-09","09 Aug 2017","-0.589737"
"2017-08-10","10 Aug 2017","-0.590216"
"2017-08-11","11 Aug 2017","-0.613932"
"2017-08-14","14 Aug 2017","-0.608933"
"2017-08-15","15 Aug 2017","-0.587861"
"2017-08-16","16 Aug 2017","-0.588015"
"2017-08-17","17 Aug 2017","-0.583489"
"2017-08-18","18 Aug 2017","-0.606426"
"2017-08-21","21 Aug 2017","-0.606539"
"2017-08-22","22 Aug 2017","-0.607645"
"2017-08-23","23 Aug 2017","-0.623676"
"2017-08-24","24 Aug 2017","-0.633653"
"2017-08-25","25 Aug 2017","-0.614932"
"2017-08-28","28 Aug 2017","-0.642848"
"2017-08-29","29 Aug 2017","-0.657692"
"2017-08-30","30 Aug 2017","-0.635455"
"2017-08-31","31 Aug 2017","-0.646708"
"2017-09-01","01 Sep 2017","-0.638622"
"2017-09-04","04 Sep 2017","-0.655690"
"2017-09-05","05 Sep 2017","-0.673402"
"2017-09-06","06 Sep 2017","-0.663870"
"2017-09-07","07 Sep 2017","-0.678219"
"2017-09-08","08 Sep 2017","-0.679831"
"2017-09-11","11 Sep 2017","-0.676486"
"2017-09-12","12 Sep 2017","-0.648775"
"2017-09-13","13 Sep 2017","-0.634955"
"2017-09-14","14 Sep 2017","-0.622854"
"2017-09-15","15 Sep 2017","-0.604106"
"2017-09-18","18 Sep 2017","-0.591109"
"2017-09-19","19 Sep 2017","-0.592759"
"2017-09-20","20 Sep 2017","-0.594937"
"2017-09-21","21 Sep 2017","-0.585109"
"2017-09-22","22 Sep 2017","-0.578126"
"2017-09-25","25 Sep 2017","-0.577982"
"2017-09-26","26 Sep 2017","-0.614151"
"2017-09-27","27 Sep 2017","-0.589800"
"2017-09-28","28 Sep 2017","-0.592959"
"2017-09-29","29 Sep 2017","-0.588858"
"2017-10-02","02 Oct 2017","-0.605252"
"2017-10-03","03 Oct 2017","-0.602734"
"2017-10-04","04 Oct 2017","-0.611596"
"2017-10-05","05 Oct 2017","-0.592917"
"2017-10-06","06 Oct 2017","-0.561563"
"2017-10-09","09 Oct 2017","-0.592200"
"2017-10-10","10 Oct 2017","-0.588882"
"2017-10-11","11 Oct 2017","-0.582775"
"2017-10-12","12 Oct 2017","-0.598694"
"2017-10-13","13 Oct 2017","-0.620519"
"2017-10-16","16 Oct 2017","-0.640529"
"2017-10-17","17 Oct 2017","-0.637553"
"2017-10-18","18 Oct 2017","-0.621736"
"2017-10-19","19 Oct 2017","-0.626102"
"2017-10-20","20 Oct 2017","-0.599689"
"2017-10-23","23 Oct 2017","-0.614891"
"2017-10-24","24 Oct 2017","-0.587132"
"2017-10-25","25 Oct 2017","-0.574823"
"2017-10-26","26 Oct 2017","-0.610152"
"2017-10-27","27 Oct 2017","-0.638524"
"2017-10-30","30 Oct 2017","-0.650424"
"2017-10-31","31 Oct 2017","-0.641106"
"2017-11-01","01 Nov 2017","-0.648499"
"2017-11-02","02 Nov 2017","-0.639804"
"2017-11-03","03 Nov 2017","-0.653047"
"2017-11-06","06 Nov 2017","-0.651387"
"2017-11-07","07 Nov 2017","-0.664080"
"2017-11-08","08 Nov 2017","-0.671170"
"2017-11-09","09 Nov 2017","-0.643844"
"2017-11-10","10 Nov 2017","-0.640241"
"2017-11-13","13 Nov 2017","-0.631361"
"2017-11-14","14 Nov 2017","-0.625384"
"2017-11-15","15 Nov 2017","-0.647031"
"2017-11-16","16 Nov 2017","-0.633576"
"2017-11-17","17 Nov 2017","-0.633810"
"2017-11-20","20 Nov 2017","-0.636466"
"2017-11-21","21 Nov 2017","-0.638090"
"2017-11-22","22 Nov 2017","-0.612301"
"2017-11-23","23 Nov 2017","-0.605966"
"2017-11-24","24 Nov 2017","-0.604573"
"2017-11-27","27 Nov 2017","-0.616717"
"2017-11-28","28 Nov 2017","-0.616913"
"2017-11-29","29 Nov 2017","-0.588060"
"2017-11-30","30 Nov 2017","-0.588468"
"2017-12-01","01 Dec 2017","-0.601910"
"2017-12-04","04 Dec 2017","-0.609184"
"2017-12-05","05 Dec 2017","-0.619931"
"2017-12-06","06 Dec 2017","-0.652851"
"2017-12-07","07 Dec 2017","-0.660200"
"2017-12-08","08 Dec 2017","-0.651713"
"2017-12-11","11 Dec 2017","-0.635873"
"2017-12-12","12 Dec 2017","-0.626998"
"2017-12-13","13 Dec 2017","-0.629406"
"2017-12-14","14 Dec 2017","-0.609738"
"2017-12-15","15 Dec 2017","-0.613065"
"2017-12-18","18 Dec 2017","-0.593893"
"2017-12-19","19 Dec 2017","-0.568228"
"2017-12-20","20 Dec 2017","-0.540711"
"2017-12-21","21 Dec 2017","-0.519435"
"2017-12-22","22 Dec 2017","-0.517400"
"2017-12-27","27 Dec 2017","-0.534009"
"2017-12-28","28 Dec 2017","-0.502549"
"2017-12-29","29 Dec 2017","-0.494164"
"2018-01-02","02 Jan 2018","-0.483050"
"2018-01-03","03 Jan 2018","-0.496899"
"2018-01-04","04 Jan 2018","-0.479648"
"2018-01-05","05 Jan 2018","-0.484993"
"2018-01-08","08 Jan 2018","-0.499954"
"2018-01-09","09 Jan 2018","-0.489033"
"2018-01-10","10 Jan 2018","-0.484755"
"2018-01-11","11 Jan 2018","-0.426216"
"2018-01-12","12 Jan 2018","-0.412158"
"2018-01-15","15 Jan 2018","-0.429790"
"2018-01-16","16 Jan 2018","-0.431205"
"2018-01-17","17 Jan 2018","-0.425083"
"2018-01-18","18 Jan 2018","-0.427140"
"2018-01-19","19 Jan 2018","-0.436003"
"2018-01-22","22 Jan 2018","-0.443124"
"2018-01-23","23 Jan 2018","-0.439755"
"2018-01-24","24 Jan 2018","-0.429657"
"2018-01-25","25 Jan 2018","-0.378875"
"2018-01-26","26 Jan 2018","-0.370759"
"2018-01-29","29 Jan 2018","-0.326928"
"2018-01-30","30 Jan 2018","-0.336063"
"2018-01-31","31 Jan 2018","-0.342869"
"2018-02-01","01 Feb 2018","-0.343113"
"2018-02-02","02 Feb 2018","-0.322513"
"2018-02-05","05 Feb 2018","-0.350577"
"2018-02-06","06 Feb 2018","-0.359832"
"2018-02-07","07 Feb 2018","-0.352554"
"2018-02-08","08 Feb 2018","-0.308968"
"2018-02-09","09 Feb 2018","-0.345235"
"2018-02-12","12 Feb 2018","-0.359377"
"2018-02-13","13 Feb 2018","-0.367075"
"2018-02-14","14 Feb 2018","-0.349725"
"2018-02-15","15 Feb 2018","-0.342149"
"2018-02-16","16 Feb 2018","-0.367010"
"2018-02-19","19 Feb 2018","-0.353412"
"2018-02-20","20 Feb 2018","-0.365190"
"2018-02-21","21 Feb 2018","-0.359014"
"2018-02-22","22 Feb 2018","-0.366277"
"2018-02-23","23 Feb 2018","-0.390149"
"2018-02-26","26 Feb 2018","-0.391231"
"2018-02-27","27 Feb 2018","-0.375420"
"2018-02-28","28 Feb 2018","-0.389948"
"2018-03-01","01 Mar 2018","-0.403989"
"2018-03-02","02 Mar 2018","-0.403382"
"2018-03-05","05 Mar 2018","-0.400697"
"2018-03-06","06 Mar 2018","-0.371350"
"2018-03-07","07 Mar 2018","-0.372993"
"2018-03-08","08 Mar 2018","-0.381977"
"2018-03-09","09 Mar 2018","-0.384934"
"2018-03-12","12 Mar 2018","-0.399812"
"2018-03-13","13 Mar 2018","-0.406328"
"2018-03-14","14 Mar 2018","-0.402533"
"2018-03-15","15 Mar 2018","-0.414898"
"2018-03-16","16 Mar 2018","-0.417094"
"2018-03-19","19 Mar 2018","-0.412134"
"2018-03-20","20 Mar 2018","-0.416971"
"2018-03-21","21 Mar 2018","-0.411047"
"2018-03-22","22 Mar 2018","-0.449994"
"2018-03-23","23 Mar 2018","-0.434883"
"2018-03-26","26 Mar 2018","-0.433841"
"2018-03-27","27 Mar 2018","-0.447020"
"2018-03-28","28 Mar 2018","-0.451344"
"2018-03-29","29 Mar 2018","-0.456037"
"2018-04-03","03 Apr 2018","-0.448385"
"2018-04-04","04 Apr 2018","-0.450775"
"2018-04-05","05 Apr 2018","-0.433271"
"2018-04-06","06 Apr 2018","-0.437465"
"2018-04-09","09 Apr 2018","-0.431607"
"2018-04-10","10 Apr 2018","-0.416630"
"2018-04-11","11 Apr 2018","-0.419544"
"2018-04-12","12 Apr 2018","-0.421210"
"2018-04-13","13 Apr 2018","-0.425324"
"2018-04-16","16 Apr 2018","-0.424227"
"2018-04-17","17 Apr 2018","-0.433069"
"2018-04-18","18 Apr 2018","-0.422580"
"2018-04-19","19 Apr 2018","-0.390601"
"2018-04-20","20 Apr 2018","-0.388895"
"2018-04-23","23 Apr 2018","-0.378422"
"2018-04-24","24 Apr 2018","-0.371824"
"2018-04-25","25 Apr 2018","-0.377127"
"2018-04-26","26 Apr 2018","-0.379928"
"2018-04-27","27 Apr 2018","-0.408655"
"2018-04-30","30 Apr 2018","-0.410573"
"2018-05-02","02 May 2018","-0.407881"
"2018-05-03","03 May 2018","-0.422683"
"2018-05-04","04 May 2018","-0.420192"
"2018-05-07","07 May 2018","-0.426713"
"2018-05-08","08 May 2018","-0.417360"
"2018-05-09","09 May 2018","-0.408159"
"2018-05-10","10 May 2018","-0.424544"
"2018-05-11","11 May 2018","-0.409876"
"2018-05-14","14 May 2018","-0.380120"
"2018-05-15","15 May 2018","-0.366300"
"2018-05-16","16 May 2018","-0.393183"
"2018-05-17","17 May 2018","-0.390067"
"2018-05-18","18 May 2018","-0.399426"
"2018-05-21","21 May 2018","-0.436816"
"2018-05-22","22 May 2018","-0.431654"
"2018-05-23","23 May 2018","-0.458261"
"2018-05-24","24 May 2018","-0.478856"
"2018-05-25","25 May 2018","-0.527230"
"2018-05-28","28 May 2018","-0.571658"
"2018-05-29","29 May 2018","-0.591612"
"2018-05-30","30 May 2018","-0.590490"
"2018-05-31","31 May 2018","-0.572290"
"2018-06-01","01 Jun 2018","-0.511278"
"2018-06-04","04 Jun 2018","-0.502913"
"2018-06-05","05 Jun 2018","-0.531424"
"2018-06-06","06 Jun 2018","-0.483938"
"2018-06-07","07 Jun 2018","-0.468981"
"2018-06-08","08 Jun 2018","-0.516950"
"2018-06-11","11 Jun 2018","-0.473254"
"2018-06-12","12 Jun 2018","-0.461043"
"2018-06-13","13 Jun 2018","-0.469986"
"2018-06-14","14 Jun 2018","-0.499972"
"2018-06-15","15 Jun 2018","-0.521576"
"2018-06-18","18 Jun 2018","-0.525591"
"2018-06-19","19 Jun 2018","-0.545227"
"2018-06-20","20 Jun 2018","-0.544394"
"2018-06-21","21 Jun 2018","-0.574397"
"2018-06-22","22 Jun 2018","-0.581300"
"2018-06-25","25 Jun 2018","-0.571813"
"2018-06-26","26 Jun 2018","-0.575171"
"2018-06-27","27 Jun 2018","-0.571069"
"2018-06-28","28 Jun 2018","-0.582985"
"2018-06-29","29 Jun 2018","-0.570340"
"2018-07-02","02 Jul 2018","-0.585043"
"2018-07-03","03 Jul 2018","-0.569939"
"2018-07-04","04 Jul 2018","-0.558786"
"2018-07-05","05 Jul 2018","-0.551221"
"2018-07-06","06 Jul 2018","-0.562082"
"2018-07-09","09 Jul 2018","-0.546293"
"2018-07-10","10 Jul 2018","-0.539280"
"2018-07-11","11 Jul 2018","-0.536285"
"2018-07-12","12 Jul 2018","-0.544996"
"2018-07-13","13 Jul 2018","-0.556374"
"2018-07-16","16 Jul 2018","-0.539083"
"2018-07-17","17 Jul 2018","-0.542103"
"2018-07-18","18 Jul 2018","-0.546374"
"2018-07-19","19 Jul 2018","-0.546639"
"2018-07-20","20 Jul 2018","-0.532627"
"2018-07-23","23 Jul 2018","-0.513740"
"2018-07-24","24 Jul 2018","-0.512019"
"2018-07-25","25 Jul 2018","-0.507521"
"2018-07-26","26 Jul 2018","-0.511205"
"2018-07-27","27 Jul 2018","-0.501389"
"2018-07-30","30 Jul 2018","-0.476888"
"2018-07-31","31 Jul 2018","-0.468644"
"2018-08-01","01 Aug 2018","-0.441473"
"2018-08-02","02 Aug 2018","-0.456567"
"2018-08-03","03 Aug 2018","-0.488521"
"2018-08-06","06 Aug 2018","-0.493358"
"2018-08-07","07 Aug 2018","-0.489568"
"2018-08-08","08 Aug 2018","-0.497634"
"2018-08-09","09 Aug 2018","-0.520630"
"2018-08-10","10 Aug 2018","-0.551990"
"2018-08-13","13 Aug 2018","-0.554753"
"2018-08-14","14 Aug 2018","-0.549810"
"2018-08-15","15 Aug 2018","-0.559857"
"2018-08-16","16 Aug 2018","-0.556347"
"2018-08-17","17 Aug 2018","-0.561088"
"2018-08-20","20 Aug 2018","-0.560034"
"2018-08-21","21 Aug 2018","-0.537635"
"2018-08-22","22 Aug 2018","-0.524645"
"2018-08-23","23 Aug 2018","-0.514663"
"2018-08-24","24 Aug 2018","-0.506670"
"2018-08-27","27 Aug 2018","-0.494661"
"2018-08-28","28 Aug 2018","-0.489935"
"2018-08-29","29 Aug 2018","-0.474922"
"2018-08-30","30 Aug 2018","-0.509933"
"2018-08-31","31 Aug 2018","-0.517641"
"2018-09-03","03 Sep 2018","-0.523308"
"2018-09-04","04 Sep 2018","-0.503946"
"2018-09-05","05 Sep 2018","-0.471486"
"2018-09-06","06 Sep 2018","-0.481419"
"2018-09-07","07 Sep 2018","-0.468374"
"2018-09-10","10 Sep 2018","-0.458159"
"2018-09-11","11 Sep 2018","-0.439894"
"2018-09-12","12 Sep 2018","-0.456190"
"2018-09-13","13 Sep 2018","-0.447304"
"2018-09-14","14 Sep 2018","-0.437852"
"2018-09-17","17 Sep 2018","-0.422862"
"2018-09-18","18 Sep 2018","-0.417057"
"2018-09-19","19 Sep 2018","-0.413910"
"2018-09-20","20 Sep 2018","-0.412291"
"2018-09-21","21 Sep 2018","-0.428508"
"2018-09-24","24 Sep 2018","-0.387982"
"2018-09-25","25 Sep 2018","-0.374897"
"2018-09-26","26 Sep 2018","-0.368928"
"2018-09-27","27 Sep 2018","-0.368588"
"2018-09-28","28 Sep 2018","-0.406457"
"2018-10-01","01 Oct 2018","-0.403502"
"2018-10-02","02 Oct 2018","-0.440169"
"2018-10-03","03 Oct 2018","-0.421602"
"2018-10-04","04 Oct 2018","-0.378091"
"2018-10-05","05 Oct 2018","-0.373710"
"2018-10-08","08 Oct 2018","-0.396161"
"2018-10-09","09 Oct 2018","-0.397716"
"2018-10-10","10 Oct 2018","-0.375887"
"2018-10-11","11 Oct 2018","-0.395456"
"2018-10-12","12 Oct 2018","-0.412611"
"2018-10-15","15 Oct 2018","-0.426016"
"2018-10-16","16 Oct 2018","-0.427266"
"2018-10-17","17 Oct 2018","-0.441777"
"2018-10-18","18 Oct 2018","-0.452674"
"2018-10-19","19 Oct 2018","-0.471797"
"2018-10-22","22 Oct 2018","-0.455755"
"2018-10-23","23 Oct 2018","-0.468406"
"2018-10-24","24 Oct 2018","-0.488310"
"2018-10-25","25 Oct 2018","-0.487534"
"2018-10-26","26 Oct 2018","-0.505995"
"2018-10-29","29 Oct 2018","-0.486180"
"2018-10-30","30 Oct 2018","-0.499049"
"2018-10-31","31 Oct 2018","-0.486282"
"2018-11-01","01 Nov 2018","-0.481467"
"2018-11-02","02 Nov 2018","-0.477389"
"2018-11-05","05 Nov 2018","-0.480345"
"2018-11-06","06 Nov 2018","-0.472269"
"2018-11-07","07 Nov 2018","-0.449915"
"2018-11-08","08 Nov 2018","-0.451198"
"2018-11-09","09 Nov 2018","-0.468497"
"2018-11-12","12 Nov 2018","-0.484091"
"2018-11-13","13 Nov 2018","-0.475507"
"2018-11-14","14 Nov 2018","-0.473373"
"2018-11-15","15 Nov 2018","-0.510508"
"2018-11-16","16 Nov 2018","-0.505023"
"2018-11-19","19 Nov 2018","-0.484304"
"2018-11-20","20 Nov 2018","-0.501773"
"2018-11-21","21 Nov 2018","-0.486650"
"2018-11-22","22 Nov 2018","-0.482586"
"2018-11-23","23 Nov 2018","-0.500335"
"2018-11-26","26 Nov 2018","-0.481964"
"2018-11-27","27 Nov 2018","-0.498382"
"2018-11-28","28 Nov 2018","-0.492927"
"2018-11-29","29 Nov 2018","-0.511794"
"2018-11-30","30 Nov 2018","-0.521083"
"2018-12-03","03 Dec 2018","-0.517876"
"2018-12-04","04 Dec 2018","-0.529338"
"2018-12-05","05 Dec 2018","-0.531785"
"2018-12-06","06 Dec 2018","-0.550911"
"2018-12-07","07 Dec 2018","-0.517849"
"2018-12-10","10 Dec 2018","-0.492110"
"2018-12-11","11 Dec 2018","-0.518107"
"2018-12-12","12 Dec 2018","-0.494088"
"2018-12-13","13 Dec 2018","-0.505502"
"2018-12-14","14 Dec 2018","-0.519755"
"2018-12-17","17 Dec 2018","-0.513324"
"2018-12-18","18 Dec 2018","-0.515272"
"2018-12-19","19 Dec 2018","-0.509363"
"2018-12-20","20 Dec 2018","-0.510601"
"2018-12-21","21 Dec 2018","-0.518567"
"2018-12-27","27 Dec 2018","-0.540633"
"2018-12-28","28 Dec 2018","-0.540150"
"2019-01-02","02 Jan 2019","-0.582639"
"2019-01-03","03 Jan 2019","-0.568814"
"2019-01-04","04 Jan 2019","-0.552508"
"2019-01-07","07 Jan 2019","-0.538659"
"2019-01-08","08 Jan 2019","-0.521321"
"2019-01-09","09 Jan 2019","-0.524368"
"2019-01-10","10 Jan 2019","-0.542160"
"2019-01-11","11 Jan 2019","-0.547592"
"2019-01-14","14 Jan 2019","-0.554243"
"2019-01-15","15 Jan 2019","-0.565913"
"2019-01-16","16 Jan 2019","-0.553047"
"2019-01-17","17 Jan 2019","-0.542188"
"2019-01-18","18 Jan 2019","-0.536650"
"2019-01-21","21 Jan 2019","-0.530344"
"2019-01-22","22 Jan 2019","-0.535508"
"2019-01-23","23 Jan 2019","-0.534570"
"2019-01-24","24 Jan 2019","-0.541942"
"2019-01-25","25 Jan 2019","-0.533277"
"2019-01-28","28 Jan 2019","-0.523858"
"2019-01-29","29 Jan 2019","-0.517571"
"2019-01-30","30 Jan 2019","-0.510186"
"2019-01-31","31 Jan 2019","-0.519328"
"2019-02-01","01 Feb 2019","-0.530687"
"2019-02-04","04 Feb 2019","-0.521003"
"2019-02-05","05 Feb 2019","-0.513663"
"2019-02-06","06 Feb 2019","-0.504580"
"2019-02-07","07 Feb 2019","-0.535823"
"2019-02-08","08 Feb 2019","-0.545830"
"2019-02-11","11 Feb 2019","-0.529510"
"2019-02-12","12 Feb 2019","-0.526706"
"2019-02-13","13 Feb 2019","-0.515983"
"2019-02-14","14 Feb 2019","-0.529514"
"2019-02-15","15 Feb 2019","-0.523875"
"2019-02-18","18 Feb 2019","-0.527339"
"2019-02-19","19 Feb 2019","-0.530463"
"2019-02-20","20 Feb 2019","-0.531623"
"2019-02-21","21 Feb 2019","-0.507483"
"2019-02-22","22 Feb 2019","-0.524344"
"2019-02-25","25 Feb 2019","-0.512119"
"2019-02-26","26 Feb 2019","-0.508641"
"2019-02-27","27 Feb 2019","-0.491712"
"2019-02-28","28 Feb 2019","-0.473243"
"2019-03-01","01 Mar 2019","-0.460216"
"2019-03-04","04 Mar 2019","-0.468700"
"2019-03-05","05 Mar 2019","-0.475143"
"2019-03-06","06 Mar 2019","-0.488902"
"2019-03-07","07 Mar 2019","-0.522646"
"2019-03-08","08 Mar 2019","-0.512629"
"2019-03-11","11 Mar 2019","-0.518170"
"2019-03-12","12 Mar 2019","-0.518825"
"2019-03-13","13 Mar 2019","-0.518825"
"2019-03-14","14 Mar 2019","-0.511944"
"2019-03-15","15 Mar 2019","-0.506209"
"2019-03-18","18 Mar 2019","-0.501444"
"2019-03-19","19 Mar 2019","-0.487716"
"2019-03-20","20 Mar 2019","-0.492966"
"2019-03-21","21 Mar 2019","-0.513177"
"2019-03-22","22 Mar 2019","-0.543247"
"2019-03-25","25 Mar 2019","-0.540340"
"2019-03-26","26 Mar 2019","-0.534543"
"2019-03-27","27 Mar 2019","-0.603064"
"2019-03-28","28 Mar 2019","-0.577026"
"2019-03-29","29 Mar 2019","-0.588685"
"2019-04-01","01 Apr 2019","-0.580366"
"2019-04-02","02 Apr 2019","-0.586689"
"2019-04-03","03 Apr 2019","-0.561440"
"2019-04-04","04 Apr 2019","-0.560528"
"2019-04-05","05 Apr 2019","-0.553037"
"2019-04-08","08 Apr 2019","-0.552806"
"2019-04-09","09 Apr 2019","-0.553037"
"2019-04-10","10 Apr 2019","-0.577066"
"2019-04-11","11 Apr 2019","-0.570603"
"2019-04-12","12 Apr 2019","-0.535234"
"2019-04-15","15 Apr 2019","-0.529748"
"2019-04-16","16 Apr 2019","-0.537867"
"2019-04-17","17 Apr 2019","-0.531758"
"2019-04-18","18 Apr 2019","-0.548031"
"2019-04-23","23 Apr 2019","-0.547834"
"2019-04-24","24 Apr 2019","-0.568685"
"2019-04-25","25 Apr 2019","-0.572225"
"2019-04-26","26 Apr 2019","-0.576655"
"2019-04-29","29 Apr 2019","-0.557965"
"2019-04-30","30 Apr 2019","-0.550311"
"2019-05-02","02 May 2019","-0.564749"
"2019-05-03","03 May 2019","-0.567016"
"2019-05-06","06 May 2019","-0.566036"
"2019-05-07","07 May 2019","-0.588891"
"2019-05-08","08 May 2019","-0.601680"
"2019-05-09","09 May 2019","-0.614558"
"2019-05-10","10 May 2019","-0.597215"
"2019-05-13","13 May 2019","-0.609698"
"2019-05-14","14 May 2019","-0.622334"
"2019-05-15","15 May 2019","-0.646825"
"2019-05-16","16 May 2019","-0.622032"
"2019-05-17","17 May 2019","-0.628502"
"2019-05-20","20 May 2019","-0.625378"
"2019-05-21","21 May 2019","-0.615604"
"2019-05-22","22 May 2019","-0.614927"
"2019-05-23","23 May 2019","-0.631544"
"2019-05-24","24 May 2019","-0.626899"
"2019-05-27","27 May 2019","-0.642537"
"2019-05-28","28 May 2019","-0.644674"
"2019-05-29","29 May 2019","-0.652318"
"2019-05-30","30 May 2019","-0.648486"
"2019-05-31","31 May 2019","-0.680524"
"2019-06-03","03 Jun 2019","-0.661713"
"2019-06-04","04 Jun 2019","-0.657270"
"2019-06-05","05 Jun 2019","-0.679719"
"2019-06-06","06 Jun 2019","-0.654129"
"2019-06-07","07 Jun 2019","-0.676696"
"2019-06-10","10 Jun 2019","-0.666616"
"2019-06-11","11 Jun 2019","-0.671117"
"2019-06-12","12 Jun 2019","-0.674846"
"2019-06-13","13 Jun 2019","-0.675465"
"2019-06-14","14 Jun 2019","-0.687843"
"2019-06-17","17 Jun 2019","-0.683169"
"2019-06-18","18 Jun 2019","-0.755834"
"2019-06-19","19 Jun 2019","-0.732437"
"2019-06-20","20 Jun 2019","-0.747317"
"2019-06-21","21 Jun 2019","-0.723197"
"2019-06-24","24 Jun 2019","-0.730529"
"2019-06-25","25 Jun 2019","-0.741484"
"2019-06-26","26 Jun 2019","-0.737757"
"2019-06-27","27 Jun 2019","-0.727389"
"2019-06-28","28 Jun 2019","-0.745101"
"2019-07-01","01 Jul 2019","-0.759449"
"2019-07-02","02 Jul 2019","-0.767934"
"2019-07-03","03 Jul 2019","-0.762671"
"2019-07-04","04 Jul 2019","-0.765727"
"2019-07-05","05 Jul 2019","-0.744770"
"2019-07-08","08 Jul 2019","-0.756058"
"2019-07-09","09 Jul 2019","-0.740005"
"2019-07-10","10 Jul 2019","-0.725771"
"2019-07-11","11 Jul 2019","-0.718970"
"2019-07-12","12 Jul 2019","-0.719921"
"2019-07-15","15 Jul 2019","-0.731544"
"2019-07-16","16 Jul 2019","-0.734905"
"2019-07-17","17 Jul 2019","-0.757741"
"2019-07-18","18 Jul 2019","-0.762480"
"2019-07-19","19 Jul 2019","-0.778302"
"2019-07-22","22 Jul 2019","-0.789475"
"2019-07-23","23 Jul 2019","-0.795909"
"2019-07-24","24 Jul 2019","-0.801341"
"2019-07-25","25 Jul 2019","-0.768670"
"2019-07-26","26 Jul 2019","-0.775384"
"2019-07-29","29 Jul 2019","-0.789529"
"2019-07-30","30 Jul 2019","-0.781250"
"2019-07-31","31 Jul 2019","-0.799109"
"2019-08-01","01 Aug 2019","-0.802217"
"2019-08-02","02 Aug 2019","-0.813240"
"2019-08-05","05 Aug 2019","-0.836753"
"2019-08-06","06 Aug 2019","-0.845927"
"2019-08-07","07 Aug 2019","-0.893556"
"2019-08-08","08 Aug 2019","-0.882766"
"2019-08-09","09 Aug 2019","-0.896501"
"2019-08-12","12 Aug 2019","-0.907579"
"2019-08-13","13 Aug 2019","-0.896436"
"2019-08-14","14 Aug 2019","-0.907615"
"2019-08-15","15 Aug 2019","-0.931973"
"2019-08-16","16 Aug 2019","-0.944013"
"2019-08-19","19 Aug 2019","-0.937292"
"2019-08-20","20 Aug 2019","-0.956733"
"2019-08-21","21 Aug 2019","-0.939043"
"2019-08-22","22 Aug 2019","-0.903281"
"2019-08-23","23 Aug 2019","-0.922172"
"2019-08-26","26 Aug 2019","-0.922757"
"2019-08-27","27 Aug 2019","-0.924448"
"2019-08-28","28 Aug 2019","-0.934750"
"2019-08-29","29 Aug 2019","-0.943857"
"2019-08-30","30 Aug 2019","-0.951149"
"2019-09-02","02 Sep 2019","-0.957691"
"2019-09-03","03 Sep 2019","-0.938623"
"2019-09-04","04 Sep 2019","-0.925244"
"2019-09-05","05 Sep 2019","-0.901557"
"2019-09-06","06 Sep 2019","-0.905115"
"2019-09-09","09 Sep 2019","-0.885351"
"2019-09-10","10 Sep 2019","-0.880380"
"2019-09-11","11 Sep 2019","-0.877502"
"2019-09-12","12 Sep 2019","-0.809755"
"2019-09-13","13 Sep 2019","-0.770163"
"2019-09-16","16 Sep 2019","-0.768122"
"2019-09-17","17 Sep 2019","-0.763427"
"2019-09-18","18 Sep 2019","-0.774019"
"2019-09-19","19 Sep 2019","-0.753804"
"2019-09-20","20 Sep 2019","-0.759837"
"2019-09-23","23 Sep 2019","-0.789626"
"2019-09-24","24 Sep 2019","-0.787286"
"2019-09-25","25 Sep 2019","-0.789049"
"2019-09-26","26 Sep 2019","-0.792310"
"2019-09-27","27 Sep 2019","-0.813795"
"2019-09-30","30 Sep 2019","-0.817166"
"2019-10-01","01 Oct 2019","-0.798519"
"2019-10-02","02 Oct 2019","-0.803891"
"2019-10-03","03 Oct 2019","-0.821759"
"2019-10-04","04 Oct 2019","-0.822572"
"2019-10-07","07 Oct 2019","-0.821950"
"2019-10-08","08 Oct 2019","-0.839657"
"2019-10-09","09 Oct 2019","-0.813372"
"2019-10-10","10 Oct 2019","-0.749944"
"2019-10-11","11 Oct 2019","-0.742015"
"2019-10-14","14 Oct 2019","-0.737113"
"2019-10-15","15 Oct 2019","-0.727927"
"2019-10-16","16 Oct 2019","-0.697998"
"2019-10-17","17 Oct 2019","-0.693502"
"2019-10-18","18 Oct 2019","-0.682540"
"2019-10-21","21 Oct 2019","-0.681321"
"2019-10-22","22 Oct 2019","-0.680791"
"2019-10-23","23 Oct 2019","-0.685788"
"2019-10-24","24 Oct 2019","-0.689550"
"2019-10-25","25 Oct 2019","-0.677676"
"2019-10-28","28 Oct 2019","-0.655694"
"2019-10-29","29 Oct 2019","-0.652916"
"2019-10-30","30 Oct 2019","-0.649763"
"2019-10-31","31 Oct 2019","-0.683706"
"2019-11-01","01 Nov 2019","-0.686587"
"2019-11-04","04 Nov 2019","-0.675756"
"2019-11-05","05 Nov 2019","-0.656508"
"2019-11-06","06 Nov 2019","-0.641700"
"2019-11-07","07 Nov 2019","-0.620781"
"2019-11-08","08 Nov 2019","-0.613508"
"2019-11-11","11 Nov 2019","-0.610565"
"2019-11-12","12 Nov 2019","-0.617611"
"2019-11-13","13 Nov 2019","-0.633446"
"2019-11-14","14 Nov 2019","-0.648413"
"2019-11-15","15 Nov 2019","-0.649399"
"2019-11-18","18 Nov 2019","-0.650001"
"2019-11-19","19 Nov 2019","-0.645228"
"2019-11-20","20 Nov 2019","-0.656944"
"2019-11-21","21 Nov 2019","-0.641859"
"2019-11-22","22 Nov 2019","-0.643461"
"2019-11-25","25 Nov 2019","-0.648614"
"2019-11-26","26 Nov 2019","-0.654758"
"2019-11-27","27 Nov 2019","-0.646328"
"2019-11-28","28 Nov 2019","-0.649260"
"2019-11-29","29 Nov 2019","-0.637154"
"2019-12-02","02 Dec 2019","-0.611189"
"2019-12-03","03 Dec 2019","-0.644778"
"2019-12-04","04 Dec 2019","-0.650469"
"2019-12-05","05 Dec 2019","-0.619429"
"2019-12-06","06 Dec 2019","-0.627526"
"2019-12-09","09 Dec 2019","-0.637876"
"2019-12-10","10 Dec 2019","-0.638987"
"2019-12-11","11 Dec 2019","-0.646115"
"2019-12-12","12 Dec 2019","-0.636023"
"2019-12-13","13 Dec 2019","-0.617125"
"2019-12-16","16 Dec 2019","-0.629498"
"2019-12-17","17 Dec 2019","-0.630106"
"2019-12-18","18 Dec 2019","-0.618855"
"2019-12-19","19 Dec 2019","-0.604714"
"2019-12-20","20 Dec 2019","-0.613333"
"2019-12-23","23 Dec 2019","-0.621619"
"2019-12-27","27 Dec 2019","-0.610504"
"2019-12-30","30 Dec 2019","-0.566399"
"2020-01-02","02 Jan 2020","-0.586872"
"2020-01-03","03 Jan 2020","-0.615900"
"2020-01-06","06 Jan 2020","-0.632549"
"2020-01-07","07 Jan 2020","-0.628580"
"2020-01-08","08 Jan 2020","-0.616714"
"2020-01-09","09 Jan 2020","-0.585108"
"2020-01-10","10 Jan 2020","-0.577954"
"2020-01-13","13 Jan 2020","-0.566450"
"2020-01-14","14 Jan 2020","-0.566982"
"2020-01-15","15 Jan 2020","-0.581297"
"2020-01-16","16 Jan 2020","-0.581843"
"2020-01-17","17 Jan 2020","-0.581188"
"2020-01-20","20 Jan 2020","-0.580848"
"2020-01-21","21 Jan 2020","-0.573089"
"2020-01-22","22 Jan 2020","-0.591298"
"2020-01-23","23 Jan 2020","-0.612381"
"2020-01-24","24 Jan 2020","-0.613303"
"2020-01-27","27 Jan 2020","-0.645085"
"2020-01-28","28 Jan 2020","-0.642336"
"2020-01-29","29 Jan 2020","-0.651775"
"2020-01-30","30 Jan 2020","-0.667527"
"2020-01-31","31 Jan 2020","-0.682697"
"2020-02-03","03 Feb 2020","-0.695717"
"2020-02-04","04 Feb 2020","-0.665404"
"2020-02-05","05 Feb 2020","-0.652008"
"2020-02-06","06 Feb 2020","-0.638074"
"2020-02-07","07 Feb 2020","-0.659578"
"2020-02-10","10 Feb 2020","-0.657007"
"2020-02-11","11 Feb 2020","-0.660488"
"2020-02-12","12 Feb 2020","-0.652264"
"2020-02-13","13 Feb 2020","-0.651987"
"2020-02-14","14 Feb 2020","-0.669061"
"2020-02-17","17 Feb 2020","-0.667895"
"2020-02-18","18 Feb 2020","-0.659589"
"2020-02-19","19 Feb 2020","-0.660136"
"2020-02-20","20 Feb 2020","-0.662034"
"2020-02-21","21 Feb 2020","-0.658178"
"2020-02-24","24 Feb 2020","-0.693776"
"2020-02-25","25 Feb 2020","-0.708449"
"2020-02-26","26 Feb 2020","-0.711670"
"2020-02-27","27 Feb 2020","-0.762951"
"2020-02-28","28 Feb 2020","-0.806240"
"2020-03-02","02 Mar 2020","-0.843079"
"2020-03-03","03 Mar 2020","-0.804736"
"2020-03-04","04 Mar 2020","-0.847056"
"2020-03-05","05 Mar 2020","-0.874099"
"2020-03-06","06 Mar 2020","-0.895100"
"2020-03-09","09 Mar 2020","-1.002080"
"2020-03-10","10 Mar 2020","-0.947463"
"2020-03-11","11 Mar 2020","-0.945269"
"2020-03-12","12 Mar 2020","-0.977321"
"2020-03-13","13 Mar 2020","-0.870631"
"2020-03-16","16 Mar 2020","-0.822715"
"2020-03-17","17 Mar 2020","-0.800647"
"2020-03-18","18 Mar 2020","-0.692232"
"2020-03-19","19 Mar 2020","-0.576923"
"2020-03-20","20 Mar 2020","-0.621354"
"2020-03-23","23 Mar 2020","-0.654691"
"2020-03-24","24 Mar 2020","-0.601155"
"2020-03-25","25 Mar 2020","-0.566156"
"2020-03-26","26 Mar 2020","-0.610208"
"2020-03-27","27 Mar 2020","-0.698472"
"2020-03-30","30 Mar 2020","-0.726419"
"2020-03-31","31 Mar 2020","-0.709463"
"2020-04-01","01 Apr 2020","-0.667292"
"2020-04-02","02 Apr 2020","-0.646984"
"2020-04-03","03 Apr 2020","-0.661213"
"2020-04-06","06 Apr 2020","-0.648164"
"2020-04-07","07 Apr 2020","-0.615938"
"2020-04-08","08 Apr 2020","-0.586793"
"2020-04-09","09 Apr 2020","-0.595825"
"2020-04-14","14 Apr 2020","-0.631257"
"2020-04-15","15 Apr 2020","-0.676172"
"2020-04-16","16 Apr 2020","-0.663050"
"2020-04-17","17 Apr 2020","-0.680644"
"2020-04-20","20 Apr 2020","-0.670411"
"2020-04-21","21 Apr 2020","-0.667851"
"2020-04-22","22 Apr 2020","-0.649395"
"2020-04-23","23 Apr 2020","-0.666463"
"2020-04-24","24 Apr 2020","-0.673557"
"2020-04-27","27 Apr 2020","-0.650213"
"2020-04-28","28 Apr 2020","-0.674453"
"2020-04-29","29 Apr 2020","-0.702076"
"2020-04-30","30 Apr 2020","-0.751389"
"2020-05-04","04 May 2020","-0.752987"
"2020-05-05","05 May 2020","-0.794551"
"2020-05-06","06 May 2020","-0.758312"
"2020-05-07","07 May 2020","-0.756331"
"2020-05-08","08 May 2020","-0.784173"
"2020-05-11","11 May 2020","-0.757966"
"2020-05-12","12 May 2020","-0.719819"
"2020-05-13","13 May 2020","-0.737017"
"2020-05-14","14 May 2020","-0.750349"
"2020-05-15","15 May 2020","-0.748162"
"2020-05-18","18 May 2020","-0.720779"
"2020-05-19","19 May 2020","-0.668354"
"2020-05-20","20 May 2020","-0.665416"
"2020-05-21","21 May 2020","-0.679515"
"2020-05-22","22 May 2020","-0.676158"
"2020-05-25","25 May 2020","-0.675050"
"2020-05-26","26 May 2020","-0.629878"
"2020-05-27","27 May 2020","-0.624133"
"2020-05-28","28 May 2020","-0.631209"
"2020-05-29","29 May 2020","-0.648823"
"2020-06-01","01 Jun 2020","-0.645148"
"2020-06-02","02 Jun 2020","-0.662343"
"2020-06-03","03 Jun 2020","-0.628471"
"2020-06-04","04 Jun 2020","-0.615181"
"2020-06-05","05 Jun 2020","-0.590481"
"2020-06-08","08 Jun 2020","-0.614011"
"2020-06-09","09 Jun 2020","-0.614532"
"2020-06-10","10 Jun 2020","-0.608536"
"2020-06-11","11 Jun 2020","-0.651861"
"2020-06-12","12 Jun 2020","-0.668468"
"2020-06-15","15 Jun 2020","-0.676792"
"2020-06-16","16 Jun 2020","-0.657027"
"2020-06-17","17 Jun 2020","-0.666136"
"2020-06-18","18 Jun 2020","-0.669625"
"2020-06-19","19 Jun 2020","-0.677569"
"2020-06-22","22 Jun 2020","-0.706869"
"2020-06-23","23 Jun 2020","-0.679066"
"2020-06-24","24 Jun 2020","-0.673562"
"2020-06-25","25 Jun 2020","-0.713917"
"2020-06-26","26 Jun 2020","-0.717403"
"2020-06-29","29 Jun 2020","-0.711434"
"2020-06-30","30 Jun 2020","-0.717398"
"2020-07-01","01 Jul 2020","-0.666570"
"2020-07-02","02 Jul 2020","-0.687301"
"2020-07-03","03 Jul 2020","-0.698102"
"2020-07-06","06 Jul 2020","-0.691771"
"2020-07-07","07 Jul 2020","-0.686348"
"2020-07-08","08 Jul 2020","-0.685993"
"2020-07-09","09 Jul 2020","-0.693556"
"2020-07-10","10 Jul 2020","-0.714467"
"2020-07-13","13 Jul 2020","-0.670486"
"2020-07-14","14 Jul 2020","-0.679125"
"2020-07-15","15 Jul 2020","-0.691545"
"2020-07-16","16 Jul 2020","-0.695104"
"2020-07-17","17 Jul 2020","-0.695565"
"2020-07-20","20 Jul 2020","-0.697421"
"2020-07-21","21 Jul 2020","-0.692012"
"2020-07-22","22 Jul 2020","-0.722386"
"2020-07-23","23 Jul 2020","-0.702303"
"2020-07-24","24 Jul 2020","-0.680528"
"2020-07-27","27 Jul 2020","-0.703667"
"2020-07-28","28 Jul 2020","-0.723182"
"2020-07-29","29 Jul 2020","-0.719638"
"2020-07-30","30 Jul 2020","-0.747104"
"2020-07-31","31 Jul 2020","-0.737557"
"2020-08-03","03 Aug 2020","-0.731716"
"2020-08-04","04 Aug 2020","-0.752548"
"2020-08-05","05 Aug 2020","-0.726400"
"2020-08-06","06 Aug 2020","-0.739818"
"2020-08-07","07 Aug 2020","-0.732146"
"2020-08-10","10 Aug 2020","-0.739455"
"2020-08-11","11 Aug 2020","-0.712663"
"2020-08-12","12 Aug 2020","-0.701573"
"2020-08-13","13 Aug 2020","-0.666477"
"2020-08-14","14 Aug 2020","-0.671783"
"2020-08-17","17 Aug 2020","-0.684399"
"2020-08-18","18 Aug 2020","-0.693265"
"2020-08-19","19 Aug 2020","-0.707027"
"2020-08-20","20 Aug 2020","-0.719277"
"2020-08-21","21 Aug 2020","-0.719566"
"2020-08-24","24 Aug 2020","-0.714112"
"2020-08-25","25 Aug 2020","-0.674310"
"2020-08-26","26 Aug 2020","-0.665220"
"2020-08-27","27 Aug 2020","-0.689859"
"2020-08-28","28 Aug 2020","-0.689074"
"2020-08-31","31 Aug 2020","-0.674736"
"2020-09-01","01 Sep 2020","-0.684794"
"2020-09-02","02 Sep 2020","-0.715760"
"2020-09-03","03 Sep 2020","-0.728446"
"2020-09-04","04 Sep 2020","-0.721524"
"2020-09-07","07 Sep 2020","-0.722581"
"2020-09-08","08 Sep 2020","-0.736201"
"2020-09-09","09 Sep 2020","-0.710751"
"2020-09-10","10 Sep 2020","-0.689423"
"2020-09-11","11 Sep 2020","-0.711063"
"2020-09-14","14 Sep 2020","-0.725377"
"2020-09-15","15 Sep 2020","-0.714497"
"2020-09-16","16 Sep 2020","-0.719042"
"2020-09-17","17 Sep 2020","-0.720763"
"2020-09-18","18 Sep 2020","-0.725252"
"2020-09-21","21 Sep 2020","-0.747422"
"2020-09-22","22 Sep 2020","-0.736077"
"2020-09-23","23 Sep 2020","-0.734861"
"2020-09-24","24 Sep 2020","-0.737992"
"2020-09-25","25 Sep 2020","-0.733065"
"2020-09-28","28 Sep 2020","-0.725257"
"2020-09-29","29 Sep 2020","-0.725977"
"2020-09-30","30 Sep 2020","-0.724354"
"2020-10-01","01 Oct 2020","-0.718261"
"2020-10-02","02 Oct 2020","-0.739458"
"2020-10-05","05 Oct 2020","-0.733601"
"2020-10-06","06 Oct 2020","-0.737693"
"2020-10-07","07 Oct 2020","-0.725481"
"2020-10-08","08 Oct 2020","-0.735467"
"2020-10-09","09 Oct 2020","-0.758770"
"2020-10-12","12 Oct 2020","-0.761127"
"2020-10-13","13 Oct 2020","-0.770168"
"2020-10-14","14 Oct 2020","-0.781385"
"2020-10-15","15 Oct 2020","-0.804795"
"2020-10-16","16 Oct 2020","-0.815094"
"2020-10-19","19 Oct 2020","-0.814504"
"2020-10-20","20 Oct 2020","-0.814854"
"2020-10-21","21 Oct 2020","-0.803255"
"2020-10-22","22 Oct 2020","-0.798448"
"2020-10-23","23 Oct 2020","-0.780351"
"2020-10-26","26 Oct 2020","-0.774351"
"2020-10-27","27 Oct 2020","-0.793749"
"2020-10-28","28 Oct 2020","-0.817959"
"2020-10-29","29 Oct 2020","-0.831465"
"2020-10-30","30 Oct 2020","-0.826026"
"2020-11-02","02 Nov 2020","-0.830099"
"2020-11-03","03 Nov 2020","-0.823406"
"2020-11-04","04 Nov 2020","-0.831654"
"2020-11-05","05 Nov 2020","-0.815365"
"2020-11-06","06 Nov 2020","-0.809639"
"2020-11-09","09 Nov 2020","-0.767162"
"2020-11-10","10 Nov 2020","-0.739709"
"2020-11-11","11 Nov 2020","-0.743533"
"2020-11-12","12 Nov 2020","-0.749478"
"2020-11-13","13 Nov 2020","-0.764751"
"2020-11-16","16 Nov 2020","-0.765558"
"2020-11-17","17 Nov 2020","-0.760935"
"2020-11-18","18 Nov 2020","-0.761143"
"2020-11-19","19 Nov 2020","-0.765479"
"2020-11-20","20 Nov 2020","-0.780132"
"2020-11-23","23 Nov 2020","-0.782146"
"2020-11-24","24 Nov 2020","-0.783054"
"2020-11-25","25 Nov 2020","-0.781485"
"2020-11-26","26 Nov 2020","-0.782610"
"2020-11-27","27 Nov 2020","-0.781870"
"2020-11-30","30 Nov 2020","-0.770858"
"2020-12-01","01 Dec 2020","-0.749646"
"2020-12-02","02 Dec 2020","-0.737556"
"2020-12-03","03 Dec 2020","-0.760453"
"2020-12-04","04 Dec 2020","-0.768259"
"2020-12-07","07 Dec 2020","-0.791557"
"2020-12-08","08 Dec 2020","-0.806826"
"2020-12-09","09 Dec 2020","-0.808351"
"2020-12-10","10 Dec 2020","-0.804499"
"2020-12-11","11 Dec 2020","-0.825763"
"2020-12-14","14 Dec 2020","-0.804300"
"2020-12-15","15 Dec 2020","-0.804814"
"2020-12-16","16 Dec 2020","-0.764893"
"2020-12-17","17 Dec 2020","-0.775020"
"2020-12-18","18 Dec 2020","-0.766212"
"2020-12-21","21 Dec 2020","-0.777828"
"2020-12-22","22 Dec 2020","-0.773421"
"2020-12-23","23 Dec 2020","-0.746416"
"2020-12-28","28 Dec 2020","-0.747459"
"2020-12-29","29 Dec 2020","-0.761698"
"2020-12-30","30 Dec 2020","-0.760882"
"2021-01-04","04 Jan 2021","-0.763119"
"2021-01-05","05 Jan 2021","-0.766415"
"2021-01-06","06 Jan 2021","-0.750826"
"2021-01-07","07 Jan 2021","-0.758173"
"2021-01-08","08 Jan 2021","-0.759681"
"2021-01-11","11 Jan 2021","-0.746497"
"2021-01-12","12 Jan 2021","-0.733311"
"2021-01-13","13 Jan 2021","-0.744469"
"2021-01-14","14 Jan 2021","-0.773598"
"2021-01-15","15 Jan 2021","-0.765815"
"2021-01-18","18 Jan 2021","-0.755646"
"2021-01-19","19 Jan 2021","-0.747955"
"2021-01-20","20 Jan 2021","-0.753174"
"2021-01-21","21 Jan 2021","-0.738676"
"2021-01-22","22 Jan 2021","-0.748903"
"2021-01-25","25 Jan 2021","-0.769638"
"2021-01-26","26 Jan 2021","-0.769539"
"2021-01-27","27 Jan 2021","-0.781317"
"2021-01-28","28 Jan 2021","-0.781793"
"2021-01-29","29 Jan 2021","-0.770805"
"2021-02-01","01 Feb 2021","-0.760476"
"2021-02-02","02 Feb 2021","-0.746594"
"2021-02-03","03 Feb 2021","-0.740621"
"2021-02-04","04 Feb 2021","-0.729345"
"2021-02-05","05 Feb 2021","-0.737157"
"2021-02-08","08 Feb 2021","-0.728164"
"2021-02-09","09 Feb 2021","-0.733120"
"2021-02-10","10 Feb 2021","-0.739212"
"2021-02-11","11 Feb 2021","-0.752698"
"2021-02-12","12 Feb 2021","-0.734047"
"2021-02-15","15 Feb 2021","-0.715847"
"2021-02-16","16 Feb 2021","-0.712237"
"2021-02-17","17 Feb 2021","-0.710045"
"2021-02-18","18 Feb 2021","-0.690531"
"2021-02-19","19 Feb 2021","-0.692238"
"2021-02-22","22 Feb 2021","-0.702385"
"2021-02-23","23 Feb 2021","-0.688958"
"2021-02-24","24 Feb 2021","-0.680577"
"2021-02-25","25 Feb 2021","-0.648167"
"2021-02-26","26 Feb 2021","-0.647630"
"2021-03-01","01 Mar 2021","-0.701509"
"2021-03-02","02 Mar 2021","-0.700810"
"2021-03-03","03 Mar 2021","-0.694963"
"2021-03-04","04 Mar 2021","-0.700124"
"2021-03-05","05 Mar 2021","-0.691116"
"2021-03-08","08 Mar 2021","-0.685734"
"2021-03-09","09 Mar 2021","-0.696997"
"2021-03-10","10 Mar 2021","-0.687903"
"2021-03-11","11 Mar 2021","-0.704447"
"2021-03-12","12 Mar 2021","-0.692330"
"2021-03-15","15 Mar 2021","-0.708958"
"2021-03-16","16 Mar 2021","-0.719996"
"2021-03-17","17 Mar 2021","-0.707152"
"2021-03-18","18 Mar 2021","-0.696848"
"2021-03-19","19 Mar 2021","-0.713972"
"2021-03-22","22 Mar 2021","-0.725930"
"2021-03-23","23 Mar 2021","-0.739017"
"2021-03-24","24 Mar 2021","-0.741056"
"2021-03-25","25 Mar 2021","-0.752486"
"2021-03-26","26 Mar 2021","-0.745646"
"2021-03-29","29 Mar 2021","-0.739828"
"2021-03-30","30 Mar 2021","-0.702382"
"2021-03-31","31 Mar 2021","-0.710999"
"2021-04-01","01 Apr 2021","-0.731045"
"2021-04-06","06 Apr 2021","-0.723742"
"2021-04-07","07 Apr 2021","-0.730902"
"2021-04-08","08 Apr 2021","-0.741287"
"2021-04-09","09 Apr 2021","-0.712681"
"2021-04-12","12 Apr 2021","-0.719063"
"2021-04-13","13 Apr 2021","-0.719111"
"2021-04-14","14 Apr 2021","-0.710858"
"2021-04-15","15 Apr 2021","-0.708869"
"2021-04-16","16 Apr 2021","-0.708642"
"2021-04-19","19 Apr 2021","-0.681439"
"2021-04-20","20 Apr 2021","-0.692864"
"2021-04-21","21 Apr 2021","-0.707477"
"2021-04-22","22 Apr 2021","-0.703345"
"2021-04-23","23 Apr 2021","-0.699380"
"2021-04-26","26 Apr 2021","-0.700824"
"2021-04-27","27 Apr 2021","-0.697651"
"2021-04-28","28 Apr 2021","-0.689534"
"2021-04-29","29 Apr 2021","-0.669330"
"2021-04-30","30 Apr 2021","-0.683578"
"2021-05-03","03 May 2021","-0.682710"
"2021-05-04","04 May 2021","-0.702179"
"2021-05-05","05 May 2021","-0.699680"
"2021-05-06","06 May 2021","-0.700842"
"2021-05-07","07 May 2021","-0.695720"
"2021-05-10","10 May 2021","-0.692242"
"2021-05-11","11 May 2021","-0.667895"
"2021-05-12","12 May 2021","-0.647586"
"2021-05-13","13 May 2021","-0.639565"
"2021-05-14","14 May 2021","-0.639320"
"2021-05-17","17 May 2021","-0.632936"
"2021-05-18","18 May 2021","-0.635155"
"2021-05-19","19 May 2021","-0.639662"
"2021-05-20","20 May 2021","-0.629907"
"2021-05-21","21 May 2021","-0.647593"
"2021-05-24","24 May 2021","-0.644917"
"2021-05-25","25 May 2021","-0.664364"
"2021-05-26","26 May 2021","-0.680949"
"2021-05-27","27 May 2021","-0.666771"
"2021-05-28","28 May 2021","-0.674508"
"2021-05-31","31 May 2021","-0.666479"
"2021-06-01","01 Jun 2021","-0.669113"
"2021-06-02","02 Jun 2021","-0.680525"
"2021-06-03","03 Jun 2021","-0.678773"
"2021-06-04","04 Jun 2021","-0.690096"
"2021-06-07","07 Jun 2021","-0.684806"
"2021-06-08","08 Jun 2021","-0.687894"
"2021-06-09","09 Jun 2021","-0.708801"
"2021-06-10","10 Jun 2021","-0.702791"
"2021-06-11","11 Jun 2021","-0.711019"
"2021-06-14","14 Jun 2021","-0.701950"
"2021-06-15","15 Jun 2021","-0.694167"
"2021-06-16","16 Jun 2021","-0.697143"
"2021-06-17","17 Jun 2021","-0.682080"
"2021-06-18","18 Jun 2021","-0.678529"
"2021-06-21","21 Jun 2021","-0.658662"
"2021-06-22","22 Jun 2021","-0.660794"
"2021-06-23","23 Jun 2021","-0.669273"
"2021-06-24","24 Jun 2021","-0.670342"
"2021-06-25","25 Jun 2021","-0.658161"
"2021-06-28","28 Jun 2021","-0.663684"
"2021-06-29","29 Jun 2021","-0.660784"
"2021-06-30","30 Jun 2021","-0.671548"
"2021-07-01","01 Jul 2021","-0.681249"
"2021-07-02","02 Jul 2021","-0.692699"
"2021-07-05","05 Jul 2021","-0.680463"
"2021-07-06","06 Jul 2021","-0.699759"
"2021-07-07","07 Jul 2021","-0.713320"
"2021-07-08","08 Jul 2021","-0.721819"
"2021-07-09","09 Jul 2021","-0.709232"
"2021-07-12","12 Jul 2021","-0.710836"
"2021-07-13","13 Jul 2021","-0.707476"
"2021-07-14","14 Jul 2021","-0.712622"
"2021-07-15","15 Jul 2021","-0.723930"
"2021-07-16","16 Jul 2021","-0.731612"
"2021-07-19","19 Jul 2021","-0.738499"
"2021-07-20","20 Jul 2021","-0.772411"
"2021-07-21","21 Jul 2021","-0.765227"
"2021-07-22","22 Jul 2021","-0.770763"
"2021-07-23","23 Jul 2021","-0.776316"
"2021-07-26","26 Jul 2021","-0.779747"
"2021-07-27","27 Jul 2021","-0.799346"
"2021-07-28","28 Jul 2021","-0.810494"
"2021-07-29","29 Jul 2021","-0.809565"
"2021-07-30","30 Jul 2021","-0.812935"
"2021-08-02","02 Aug 2021","-0.822144"
"2021-08-03","03 Aug 2021","-0.836818"
"2021-08-04","04 Aug 2021","-0.843996"
"2021-08-05","05 Aug 2021","-0.845732"
"2021-08-06","06 Aug 2021","-0.815492"
"2021-08-09","09 Aug 2021","-0.814341"
"2021-08-10","10 Aug 2021","-0.815350"
"2021-08-11","11 Aug 2021","-0.799143"
"2021-08-12","12 Aug 2021","-0.797356"
"2021-08-13","13 Aug 2021","-0.793097"
"2021-08-16","16 Aug 2021","-0.804676"
"2021-08-17","17 Aug 2021","-0.798705"
"2021-08-18","18 Aug 2021","-0.802881"
"2021-08-19","19 Aug 2021","-0.800644"
"2021-08-20","20 Aug 2021","-0.805230"
"2021-08-23","23 Aug 2021","-0.803998"
"2021-08-24","24 Aug 2021","-0.798471"
"2021-08-25","25 Aug 2021","-0.786587"
"2021-08-26","26 Aug 2021","-0.772842"
"2021-08-27","27 Aug 2021","-0.770734"
"2021-08-30","30 Aug 2021","-0.777339"
"2021-08-31","31 Aug 2021","-0.760147"
"2021-09-01","01 Sep 2021","-0.759694"
"2021-09-02","02 Sep 2021","-0.765154"
"2021-09-03","03 Sep 2021","-0.753197"
"2021-09-06","06 Sep 2021","-0.751533"
"2021-09-07","07 Sep 2021","-0.729793"
"2021-09-08","08 Sep 2021","-0.725879"
"2021-09-09","09 Sep 2021","-0.743454"
"2021-09-10","10 Sep 2021","-0.737954"
"2021-09-13","13 Sep 2021","-0.739091"
"2021-09-14","14 Sep 2021","-0.741216"
"2021-09-15","15 Sep 2021","-0.729900"
"2021-09-16","16 Sep 2021","-0.727934"
"2021-09-17","17 Sep 2021","-0.718581"
"2021-09-20","20 Sep 2021","-0.743493"
"2021-09-21","21 Sep 2021","-0.747915"
"2021-09-22","22 Sep 2021","-0.738762"
"2021-09-23","23 Sep 2021","-0.708743"
"2021-09-24","24 Sep 2021","-0.691271"
"2021-09-27","27 Sep 2021","-0.687406"
"2021-09-28","28 Sep 2021","-0.670543"
"2021-09-29","29 Sep 2021","-0.692091"
"2021-09-30","30 Sep 2021","-0.677124"
"2021-10-01","01 Oct 2021","-0.705534"
"2021-10-04","04 Oct 2021","-0.696988"
"2021-10-05","05 Oct 2021","-0.700195"
"2021-10-06","06 Oct 2021","-0.689518"
"2021-10-07","07 Oct 2021","-0.697168"
"2021-10-08","08 Oct 2021","-0.683580"
"2021-10-11","11 Oct 2021","-0.661207"
"2021-10-12","12 Oct 2021","-0.644998"
"2021-10-13","13 Oct 2021","-0.645028"
"2021-10-14","14 Oct 2021","-0.668163"
"2021-10-15","15 Oct 2021","-0.654723"
"2021-10-18","18 Oct 2021","-0.618932"
"2021-10-19","19 Oct 2021","-0.580189"
"2021-10-20","20 Oct 2021","-0.621690"
"2021-10-21","21 Oct 2021","-0.599477"
"2021-10-22","22 Oct 2021","-0.584436"
"2021-10-25","25 Oct 2021","-0.608706"
"2021-10-26","26 Oct 2021","-0.613608"
"2021-10-27","27 Oct 2021","-0.624173"
"2021-10-28","28 Oct 2021","-0.588445"
"2021-10-29","29 Oct 2021","-0.537029"
"2021-11-01","01 Nov 2021","-0.547399"
"2021-11-02","02 Nov 2021","-0.628584"
"2021-11-03","03 Nov 2021","-0.619718"
"2021-11-04","04 Nov 2021","-0.705021"
"2021-11-05","05 Nov 2021","-0.719443"
"2021-11-08","08 Nov 2021","-0.724240"
"2021-11-09","09 Nov 2021","-0.733233"
"2021-11-10","10 Nov 2021","-0.712268"
"2021-11-11","11 Nov 2021","-0.689259"
"2021-11-12","12 Nov 2021","-0.725357"
"2021-11-15","15 Nov 2021","-0.710518"
"2021-11-16","16 Nov 2021","-0.726012"
"2021-11-17","17 Nov 2021","-0.723922"
"2021-11-18","18 Nov 2021","-0.730956"
"2021-11-19","19 Nov 2021","-0.774713"
"2021-11-22","22 Nov 2021","-0.765501"
"2021-11-23","23 Nov 2021","-0.728346"
"2021-11-24","24 Nov 2021","-0.738348"
"2021-11-25","25 Nov 2021","-0.721375"
"2021-11-26","26 Nov 2021","-0.766879"
"2021-11-29","29 Nov 2021","-0.744049"
"2021-11-30","30 Nov 2021","-0.765920"
"2021-12-01","01 Dec 2021","-0.709251"
"2021-12-02","02 Dec 2021","-0.743045"
"2021-12-03","03 Dec 2021","-0.724728"
"2021-12-06","06 Dec 2021","-0.738573"
"2021-12-07","07 Dec 2021","-0.708982"
"2021-12-08","08 Dec 2021","-0.678189"
"2021-12-09","09 Dec 2021","-0.708169"
"2021-12-10","10 Dec 2021","-0.699364"
"2021-12-13","13 Dec 2021","-0.700112"
"2021-12-15","15 Dec 2021","-0.688335"
"2021-12-16","16 Dec 2021","-0.695701"
"2021-12-17","17 Dec 2021","-0.718367"
"2021-12-20","20 Dec 2021","-0.723210"
"2021-12-21","21 Dec 2021","-0.698149"
"2021-12-22","22 Dec 2021","-0.673170"
"2021-12-23","23 Dec 2021","-0.655454"
"2021-12-24","24 Dec 2021","-0.657583"
"2021-12-27","27 Dec 2021","-0.646033"
"2021-12-28","28 Dec 2021","-0.641684"
"2021-12-29","29 Dec 2021","-0.632891"
"2021-12-30","30 Dec 2021","-0.617830"
"2021-12-31","31 Dec 2021","-0.619526"
"2022-01-03","03 Jan 2022","-0.591949"
"2022-01-04","04 Jan 2022","-0.598084"
"2022-01-05","05 Jan 2022","-0.581872"
"2022-01-06","06 Jan 2022","-0.560930"
"2022-01-07","07 Jan 2022","-0.550541"
"2022-01-10","10 Jan 2022","-0.535049"
"2022-01-11","11 Jan 2022","-0.528016"
"2022-01-12","12 Jan 2022","-0.550088"
"2022-01-13","13 Jan 2022","-0.548006"
"2022-01-14","14 Jan 2022","-0.541886"
"2022-01-17","17 Jan 2022","-0.513228"
"2022-01-18","18 Jan 2022","-0.517857"
"2022-01-19","19 Jan 2022","-0.509088"
"2022-01-20","20 Jan 2022","-0.521988"
"2022-01-21","21 Jan 2022","-0.558806"
"2022-01-24","24 Jan 2022","-0.589321"
"2022-01-25","25 Jan 2022","-0.594652"
"2022-01-26","26 Jan 2022","-0.571363"
"2022-01-27","27 Jan 2022","-0.542129"
"2022-01-28","28 Jan 2022","-0.526126"
"2022-01-31","31 Jan 2022","-0.464984"
"2022-02-01","01 Feb 2022","-0.453485"
"2022-02-02","02 Feb 2022","-0.432328"
"2022-02-03","03 Feb 2022","-0.313764"
"2022-02-04","04 Feb 2022","-0.187436"
"2022-02-07","07 Feb 2022","-0.170795"
"2022-02-08","08 Feb 2022","-0.176403"
"2022-02-09","09 Feb 2022","-0.234079"
"2022-02-10","10 Feb 2022","-0.206851"
"2022-02-11","11 Feb 2022","-0.192219"
"2022-02-14","14 Feb 2022","-0.240050"
"2022-02-15","15 Feb 2022","-0.205073"
"2022-02-16","16 Feb 2022","-0.247267"
"2022-02-17","17 Feb 2022","-0.282671"
"2022-02-18","18 Feb 2022","-0.335415"
"2022-02-21","21 Feb 2022","-0.336667"
"2022-02-22","22 Feb 2022","-0.238877"
"2022-02-23","23 Feb 2022","-0.218500"
"2022-02-24","24 Feb 2022","-0.295827"
"2022-02-25","25 Feb 2022","-0.269090"
"2022-02-28","28 Feb 2022","-0.375571"
"2022-03-01","01 Mar 2022","-0.574172"
"2022-03-02","02 Mar 2022","-0.523035"
"2022-03-03","03 Mar 2022","-0.449209"
"2022-03-04","04 Mar 2022","-0.617411"
"2022-03-07","07 Mar 2022","-0.568234"
"2022-03-08","08 Mar 2022","-0.479803"
"2022-03-09","09 Mar 2022","-0.383977"
"2022-03-10","10 Mar 2022","-0.275274"
"2022-03-11","11 Mar 2022","-0.231985"
"2022-03-14","14 Mar 2022","-0.192282"
"2022-03-15","15 Mar 2022","-0.245386"
"2022-03-16","16 Mar 2022","-0.210143"
"2022-03-17","17 Mar 2022","-0.173896"
"2022-03-18","18 Mar 2022","-0.193902"
"2022-03-21","21 Mar 2022","-0.148922"
"2022-03-22","22 Mar 2022","-0.047872"
"2022-03-23","23 Mar 2022","-0.066606"
"2022-03-24","24 Mar 2022","-0.015118"
"2022-03-25","25 Mar 2022","0.055217"
"2022-03-28","28 Mar 2022","0.111934"
"2022-03-29","29 Mar 2022","0.163174"
"2022-03-30","30 Mar 2022","0.282304"
"2022-03-31","31 Mar 2022","0.173864"
"2022-04-01","01 Apr 2022","0.187585"
"2022-04-04","04 Apr 2022","0.125450"
"2022-04-05","05 Apr 2022","0.170395"
"2022-04-06","06 Apr 2022","0.224861"
"2022-04-07","07 Apr 2022","0.252919"
"2022-04-08","08 Apr 2022","0.276699"
"2022-04-11","11 Apr 2022","0.383663"
"2022-04-12","12 Apr 2022","0.334667"
"2022-04-13","13 Apr 2022","0.316715"
"2022-04-14","14 Apr 2022","0.296992"
"2022-04-19","19 Apr 2022","0.355831"
"2022-04-20","20 Apr 2022","0.320497"
"2022-04-21","21 Apr 2022","0.408689"
"2022-04-22","22 Apr 2022","0.520488"
"2022-04-25","25 Apr 2022","0.413063"
"2022-04-26","26 Apr 2022","0.391835"
"2022-04-27","27 Apr 2022","0.336764"
"2022-04-28","28 Apr 2022","0.434906"
"2022-04-29","29 Apr 2022","0.489658"
"2022-05-02","02 May 2022","0.480775"
"2022-05-03","03 May 2022","0.467832"
"2022-05-04","04 May 2022","0.547507"
"2022-05-05","05 May 2022","0.525299"
"2022-05-06","06 May 2022","0.613623"
"2022-05-09","09 May 2022","0.541135"
"2022-05-10","10 May 2022","0.448820"
"2022-05-11","11 May 2022","0.433263"
"2022-05-12","12 May 2022","0.281171"
"2022-05-13","13 May 2022","0.371509"
"2022-05-16","16 May 2022","0.363877"
"2022-05-17","17 May 2022","0.528603"
"2022-05-18","18 May 2022","0.591538"
"2022-05-19","19 May 2022","0.505133"
"2022-05-20","20 May 2022","0.483607"
"2022-05-23","23 May 2022","0.499886"
"2022-05-24","24 May 2022","0.531982"
"2022-05-25","25 May 2022","0.453958"
"2022-05-26","26 May 2022","0.395713"
"2022-05-27","27 May 2022","0.413803"
"2022-05-30","30 May 2022","0.565301"
"2022-05-31","31 May 2022","0.656836"
"2022-06-01","01 Jun 2022","0.614033"
"2022-06-02","02 Jun 2022","0.776469"
"2022-06-03","03 Jun 2022","0.811027"
"2022-06-06","06 Jun 2022","0.842624"
"2022-06-07","07 Jun 2022","0.831862"
"2022-06-08","08 Jun 2022","0.923120"
"2022-06-09","09 Jun 2022","1.047009"
"2022-06-10","10 Jun 2022","1.142928"
"2022-06-13","13 Jun 2022","1.302927"
"2022-06-14","14 Jun 2022","1.373033"
"2022-06-15","15 Jun 2022","1.332189"
"2022-06-16","16 Jun 2022","1.435561"
"2022-06-17","17 Jun 2022","1.333032"
"2022-06-20","20 Jun 2022","1.343278"
"2022-06-21","21 Jun 2022","1.344681"
"2022-06-22","22 Jun 2022","1.225544"
"2022-06-23","23 Jun 2022","0.974027"
"2022-06-24","24 Jun 2022","1.039802"
"2022-06-27","27 Jun 2022","1.065555"
"2022-06-28","28 Jun 2022","1.155001"
"2022-06-29","29 Jun 2022","1.101706"
"2022-06-30","30 Jun 2022","0.821677"
"2022-07-01","01 Jul 2022","0.663320"
"2022-07-04","04 Jul 2022","0.775605"
"2022-07-05","05 Jul 2022","0.596764"
"2022-07-06","06 Jul 2022","0.507873"
"2022-07-07","07 Jul 2022","0.657346"
"2022-07-08","08 Jul 2022","0.647310"
"2022-07-11","11 Jul 2022","0.558575"
"2022-07-12","12 Jul 2022","0.453245"
"2022-07-13","13 Jul 2022","0.543692"
"2022-07-14","14 Jul 2022","0.643237"
"2022-07-15","15 Jul 2022","0.591045"
"2022-07-18","18 Jul 2022","0.660676"
"2022-07-19","19 Jul 2022","0.737122"
"2022-07-20","20 Jul 2022","0.726227"
"2022-07-21","21 Jul 2022","0.767890"
"2022-07-22","22 Jul 2022","0.542450"
"2022-07-25","25 Jul 2022","0.565183"
"2022-07-26","26 Jul 2022","0.430797"
"2022-07-27","27 Jul 2022","0.467155"
"2022-07-28","28 Jul 2022","0.310054"
"2022-07-29","29 Jul 2022","0.349175"
"2022-08-01","01 Aug 2022","0.289206"
"2022-08-02","02 Aug 2022","0.291436"
"2022-08-03","03 Aug 2022","0.421343"
"2022-08-04","04 Aug 2022","0.372855"
"2022-08-05","05 Aug 2022","0.505568"
"2022-08-08","08 Aug 2022","0.462515"
"2022-08-09","09 Aug 2022","0.538049"
"2022-08-10","10 Aug 2022","0.469987"
"2022-08-11","11 Aug 2022","0.500951"
"2022-08-12","12 Aug 2022","0.524207"
"2022-08-15","15 Aug 2022","0.528665"
"2022-08-16","16 Aug 2022","0.556637"
"2022-08-17","17 Aug 2022","0.715657"
"2022-08-18","18 Aug 2022","0.746843"
"2022-08-19","19 Aug 2022","0.807367"
"2022-08-22","22 Aug 2022","0.894779"
"2022-08-23","23 Aug 2022","0.936662"
"2022-08-24","24 Aug 2022","0.959362"
"2022-08-25","25 Aug 2022","0.875009"
"2022-08-26","26 Aug 2022","0.989095"
"2022-08-29","29 Aug 2022","1.101168"
"2022-08-30","30 Aug 2022","1.136458"
"2022-08-31","31 Aug 2022","1.223810"
"2022-09-01","01 Sep 2022","1.222527"
"2022-09-02","02 Sep 2022","1.118381"
"2022-09-05","05 Sep 2022","1.171604"
"2022-09-06","06 Sep 2022","1.147725"
"2022-09-07","07 Sep 2022","1.060865"
"2022-09-08","08 Sep 2022","1.156889"
"2022-09-09","09 Sep 2022","1.313636"
"2022-09-12","12 Sep 2022","1.300150"
"2022-09-13","13 Sep 2022","1.401690"
"2022-09-14","14 Sep 2022","1.426046"
"2022-09-15","15 Sep 2022","1.478546"
"2022-09-16","16 Sep 2022","1.569051"
"2022-09-19","19 Sep 2022","1.543491"
"2022-09-20","20 Sep 2022","1.697311"
"2022-09-21","21 Sep 2022","1.690445"
"2022-09-22","22 Sep 2022","1.809201"
"2022-09-23","23 Sep 2022","1.883480"
"2022-09-26","26 Sep 2022","1.946042"
"2022-09-27","27 Sep 2022","1.969241"
"2022-09-28","28 Sep 2022","1.877356"
"2022-09-29","29 Sep 2022","1.913077"
"2022-09-30","30 Sep 2022","1.768457"
"2022-10-03","03 Oct 2022","1.669588"
"2022-10-04","04 Oct 2022","1.549271"
"2022-10-05","05 Oct 2022","1.627982"
"2022-10-06","06 Oct 2022","1.742041"
"2022-10-07","07 Oct 2022","1.844167"
"2022-10-10","10 Oct 2022","1.816747"
"2022-10-11","11 Oct 2022","1.907072"
"2022-10-12","12 Oct 2022","1.870213"
"2022-10-13","13 Oct 2022","1.917167"
"2022-10-14","14 Oct 2022","1.853323"
"2022-10-17","17 Oct 2022","1.852898"
"2022-10-18","18 Oct 2022","1.912862"
"2022-10-19","19 Oct 2022","2.063503"
"2022-10-20","20 Oct 2022","2.116929"
"2022-10-21","21 Oct 2022","2.085050"
"2022-10-24","24 Oct 2022","1.998347"
"2022-10-25","25 Oct 2022","1.932995"
"2022-10-26","26 Oct 2022","1.909978"
"2022-10-27","27 Oct 2022","1.806989"
"2022-10-28","28 Oct 2022","1.822221"
"2022-10-31","31 Oct 2022","1.885437"
"2022-11-01","01 Nov 2022","1.847170"
"2022-11-02","02 Nov 2022","1.860084"
"2022-11-03","03 Nov 2022","1.956084"
"2022-11-04","04 Nov 2022","2.005939"
"2022-11-07","07 Nov 2022","2.074249"
"2022-11-08","08 Nov 2022","2.100373"
"2022-11-09","09 Nov 2022","2.100373"
"2022-11-10","10 Nov 2022","1.950565"
"2022-11-11","11 Nov 2022","2.031512"
"2022-11-14","14 Nov 2022","1.998970"
"2022-11-15","15 Nov 2022","2.018899"
"2022-11-16","16 Nov 2022","2.001072"
"2022-11-17","17 Nov 2022","1.977958"
"2022-11-18","18 Nov 2022","1.947991"
"2022-11-21","21 Nov 2022","1.932489"
"2022-11-22","22 Nov 2022","1.978778"
"2022-11-23","23 Nov 2022","1.996792"
"2022-11-24","24 Nov 2022","1.924050"
"2022-11-25","25 Nov 2022","2.006171"
"2022-11-28","28 Nov 2022","2.004278"
"2022-11-29","29 Nov 2022","1.940846"
"2022-11-30","30 Nov 2022","1.982343"
"2022-12-01","01 Dec 2022","1.849101"
"2022-12-02","02 Dec 2022","1.889646"
"2022-12-05","05 Dec 2022","1.918696"
"2022-12-06","06 Dec 2022","1.862063"
"2022-12-07","07 Dec 2022","1.825301"
"2022-12-08","08 Dec 2022","1.845707"
"2022-12-09","09 Dec 2022","1.944613"
"2022-12-12","12 Dec 2022","1.953183"
"2022-12-13","13 Dec 2022","1.899360"
"2022-12-14","14 Dec 2022","1.928335"
"2022-12-15","15 Dec 2022","2.028019"
"2022-12-16","16 Dec 2022","2.275925"
"2022-12-19","19 Dec 2022","2.248319"
"2022-12-20","20 Dec 2022","2.332021"
"2022-12-21","21 Dec 2022","2.331634"
"2022-12-22","22 Dec 2022","2.404474"
"2022-12-23","23 Dec 2022","2.452971"
"2022-12-27","27 Dec 2022","2.461602"
"2022-12-28","28 Dec 2022","2.460086"
"2022-12-29","29 Dec 2022","2.456581"
"2022-12-30","30 Dec 2022","2.502110"
"2023-01-02","02 Jan 2023","2.504729"
"2023-01-03","03 Jan 2023","2.444808"
"2023-01-04","04 Jan 2023","2.356496"
"2023-01-05","05 Jan 2023","2.425071"
"2023-01-06","06 Jan 2023","2.385316"
"2023-01-09","09 Jan 2023","2.353518"
"2023-01-10","10 Jan 2023","2.399128"
"2023-01-11","11 Jan 2023","2.350178"
"2023-01-12","12 Jan 2023","2.302511"
"2023-01-13","13 Jan 2023","2.280315"
"2023-01-16","16 Jan 2023","2.285599"
"2023-01-17","17 Jan 2023","2.272689"
"2023-01-18","18 Jan 2023","2.159058"
"2023-01-19","19 Jan 2023","2.213945"
"2023-01-20","20 Jan 2023","2.285922"
"2023-01-23","23 Jan 2023","2.306994"
"2023-01-24","24 Jan 2023","2.328594"
"2023-01-25","25 Jan 2023","2.236340"
"2023-01-26","26 Jan 2023","2.298669"
"2023-01-27","27 Jan 2023","2.341430"
"2023-01-30","30 Jan 2023","2.414247"
"2023-01-31","31 Jan 2023","2.371614"
"2023-02-01","01 Feb 2023","2.395747"
"2023-02-02","02 Feb 2023","2.280652"
"2023-02-03","03 Feb 2023","2.286177"
"2023-02-06","06 Feb 2023","2.345356"
"2023-02-07","07 Feb 2023","2.390689"
"2023-02-08","08 Feb 2023","2.461477"
"2023-02-09","09 Feb 2023","2.408898"
"2023-02-10","10 Feb 2023","2.474626"
"2023-02-13","13 Feb 2023","2.519736"
"2023-02-14","14 Feb 2023","2.592072"
"2023-02-15","15 Feb 2023","2.603793"
"2023-02-16","16 Feb 2023","2.655502"
"2023-02-17","17 Feb 2023","2.609039"
"2023-02-20","20 Feb 2023","2.603079"
"2023-02-21","21 Feb 2023","2.728833"
"2023-02-22","22 Feb 2023","2.688107"
"2023-02-23","23 Feb 2023","2.665338"
"2023-02-24","24 Feb 2023","2.790206"
"2023-02-27","27 Feb 2023","2.800212"
"2023-02-28","28 Feb 2023","2.939261"
"2023-03-01","01 Mar 2023","2.953079"
"2023-03-02","02 Mar 2023","2.937868"
"2023-03-03","03 Mar 2023","2.955005"
"2023-03-06","06 Mar 2023","3.054612"
"2023-03-07","07 Mar 2023","2.977116"
"2023-03-08","08 Mar 2023","3.009176"
"2023-03-09","09 Mar 2023","2.986467"
"2023-03-10","10 Mar 2023","2.758048"
"2023-03-13","13 Mar 2023","2.424641"
"2023-03-14","14 Mar 2023","2.692684"
"2023-03-15","15 Mar 2023","2.307630"
"2023-03-16","16 Mar 2023","2.350925"
"2023-03-17","17 Mar 2023","2.255371"
"2023-03-20","20 Mar 2023","2.153833"
"2023-03-21","21 Mar 2023","2.338035"
"2023-03-22","22 Mar 2023","2.506859"
"2023-03-23","23 Mar 2023","2.338398"
"2023-03-24","24 Mar 2023","2.156423"
"2023-03-27","27 Mar 2023","2.333212"
"2023-03-28","28 Mar 2023","2.345646"
"2023-03-29","29 Mar 2023","2.406239"
"2023-03-30","30 Mar 2023","2.514335"
"2023-03-31","31 Mar 2023","2.468494"
"2023-04-03","03 Apr 2023","2.462660"
"2023-04-04","04 Apr 2023","2.473802"
"2023-04-05","05 Apr 2023","2.341098"
"2023-04-06","06 Apr 2023","2.300130"
"2023-04-11","11 Apr 2023","2.454922"
"2023-04-12","12 Apr 2023","2.523411"
"2023-04-13","13 Apr 2023","2.510084"
"2023-04-14","14 Apr 2023","2.593107"
"2023-04-17","17 Apr 2023","2.616662"
"2023-04-18","18 Apr 2023","2.607676"
"2023-04-19","19 Apr 2023","2.681703"
"2023-04-20","20 Apr 2023","2.637989"
"2023-04-21","21 Apr 2023","2.648575"
"2023-04-24","24 Apr 2023","2.670878"
"2023-04-25","25 Apr 2023","2.571162"
"2023-04-26","26 Apr 2023","2.492871"
"2023-04-27","27 Apr 2023","2.568973"
"2023-04-28","28 Apr 2023","2.495855"
"2023-05-02","02 May 2023","2.493821"
"2023-05-03","03 May 2023","2.357145"
"2023-05-04","04 May 2023","2.359643"
"2023-05-05","05 May 2023","2.319385"
"2023-05-08","08 May 2023","2.377850"
"2023-05-09","09 May 2023","2.383082"
"2023-05-10","10 May 2023","2.322498"
"2023-05-11","11 May 2023","2.262221"
"2023-05-12","12 May 2023","2.312255"
"2023-05-15","15 May 2023","2.347531"
"2023-05-16","16 May 2023","2.364087"
"2023-05-17","17 May 2023","2.401539"
"2023-05-18","18 May 2023","2.477885"
"2023-05-19","19 May 2023","2.561085"
"2023-05-22","22 May 2023","2.556778"
"2023-05-23","23 May 2023","2.630339"
"2023-05-24","24 May 2023","2.555080"
"2023-05-25","25 May 2023","2.610557"
"2023-05-26","26 May 2023","2.661404"
"2023-05-29","29 May 2023","2.638585"
"2023-05-30","30 May 2023","2.561708"
"2023-05-31","31 May 2023","2.417817"
"2023-06-01","01 Jun 2023","2.400613"
"2023-06-02","02 Jun 2023","2.472589"
"2023-06-05","05 Jun 2023","2.580599"
"2023-06-06","06 Jun 2023","2.529271"
"2023-06-07","07 Jun 2023","2.580965"
"2023-06-08","08 Jun 2023","2.584314"
"2023-06-09","09 Jun 2023","2.606966"
"2023-06-12","12 Jun 2023","2.587105"
"2023-06-13","13 Jun 2023","2.634492"
"2023-06-14","14 Jun 2023","2.694653"
"2023-06-15","15 Jun 2023","2.738697"
"2023-06-16","16 Jun 2023","2.793174"
"2023-06-19","19 Jun 2023","2.819353"
"2023-06-20","20 Jun 2023","2.804901"
"2023-06-21","21 Jun 2023","2.812642"
"2023-06-22","22 Jun 2023","2.858746"
"2023-06-23","23 Jun 2023","2.733618"
"2023-06-26","26 Jun 2023","2.728429"
"2023-06-27","27 Jun 2023","2.717423"
"2023-06-28","28 Jun 2023","2.756224"
"2023-06-29","29 Jun 2023","2.800341"
"2023-06-30","30 Jun 2023","2.837895"
"2023-07-03","03 Jul 2023","2.843610"
"2023-07-04","04 Jul 2023","2.866268"
"2023-07-05","05 Jul 2023","2.836211"
"2023-07-06","06 Jul 2023","2.973274"
"2023-07-07","07 Jul 2023","2.947812"
"2023-07-10","10 Jul 2023","2.948239"
"2023-07-11","11 Jul 2023","2.967737"
"2023-07-12","12 Jul 2023","2.961864"
"2023-07-13","13 Jul 2023","2.853865"
"2023-07-14","14 Jul 2023","2.812298"
"2023-07-17","17 Jul 2023","2.834472"
"2023-07-18","18 Jul 2023","2.707701"
"2023-07-19","19 Jul 2023","2.717642"
"2023-07-20","20 Jul 2023","2.828492"
"2023-07-21","21 Jul 2023","2.773681"
"2023-07-24","24 Jul 2023","2.735658"
"2023-07-25","25 Jul 2023","2.739356"
"2023-07-26","26 Jul 2023","2.824434"
"2023-07-27","27 Jul 2023","2.738681"
"2023-07-28","28 Jul 2023","2.754610"
"2023-07-31","31 Jul 2023","2.742805"
"2023-08-01","01 Aug 2023","2.760900"
"2023-08-02","02 Aug 2023","2.698893"
"2023-08-03","03 Aug 2023","2.695910"
"2023-08-04","04 Aug 2023","2.766961"
"2023-08-07","07 Aug 2023","2.711448"
"2023-08-08","08 Aug 2023","2.631194"
"2023-08-09","09 Aug 2023","2.676449"
"2023-08-10","10 Aug 2023","2.690102"
"2023-08-11","11 Aug 2023","2.734368"
"2023-08-14","14 Aug 2023","2.764088"
"2023-08-15","15 Aug 2023","2.827399"
"2023-08-16","16 Aug 2023","2.801841"
"2023-08-17","17 Aug 2023","2.826308"
"2023-08-18","18 Aug 2023","2.735069"
"2023-08-21","21 Aug 2023","2.815201"
"2023-08-22","22 Aug 2023","2.808556"
"2023-08-23","23 Aug 2023","2.672695"
"2023-08-24","24 Aug 2023","2.699982"
"2023-08-25","25 Aug 2023","2.737867"
"2023-08-28","28 Aug 2023","2.749951"
"2023-08-29","29 Aug 2023","2.786513"
"2023-08-30","30 Aug 2023","2.731965"
"2023-08-31","31 Aug 2023","2.690279"
"2023-09-01","01 Sep 2023","2.670836"
"2023-09-04","04 Sep 2023","2.711142"
"2023-09-05","05 Sep 2023","2.724073"
"2023-09-06","06 Sep 2023","2.764318"
"2023-09-07","07 Sep 2023","2.817093"
"2023-09-08","08 Sep 2023","2.791682"
"2023-09-11","11 Sep 2023","2.774430"
"2023-09-12","12 Sep 2023","2.792356"
"2023-09-13","13 Sep 2023","2.824254"
"2023-09-14","14 Sep 2023","2.810340"
"2023-09-15","15 Sep 2023","2.861600"
"2023-09-18","18 Sep 2023","2.927465"
"2023-09-19","19 Sep 2023","2.949190"
"2023-09-20","20 Sep 2023","2.938048"
"2023-09-21","21 Sep 2023","2.946491"
"2023-09-22","22 Sep 2023","2.920890"
"2023-09-25","25 Sep 2023","2.947549"
"2023-09-26","26 Sep 2023","2.941153"
"2023-09-27","27 Sep 2023","2.927301"
"2023-09-28","28 Sep 2023","3.046467"
"2023-09-29","29 Sep 2023","2.930208"
"2023-10-02","02 Oct 2023","2.953433"
"2023-10-03","03 Oct 2023","2.961599"
"2023-10-04","04 Oct 2023","2.994800"
"2023-10-05","05 Oct 2023","2.922673"
"2023-10-06","06 Oct 2023","2.917791"
"2023-10-09","09 Oct 2023","2.862677"
"2023-10-10","10 Oct 2023","2.857503"
"2023-10-11","11 Oct 2023","2.841507"
"2023-10-12","12 Oct 2023","2.867698"
"2023-10-13","13 Oct 2023","2.849406"
"2023-10-16","16 Oct 2023","2.862406"
"2023-10-17","17 Oct 2023","2.928518"
"2023-10-18","18 Oct 2023","2.937110"
"2023-10-19","19 Oct 2023","2.992616"
"2023-10-20","20 Oct 2023","2.911470"
"2023-10-23","23 Oct 2023","2.945149"
"2023-10-24","24 Oct 2023","2.886236"
"2023-10-25","25 Oct 2023","2.894995"
"2023-10-26","26 Oct 2023","2.854762"
"2023-10-27","27 Oct 2023","2.838821"
"2023-10-30","30 Oct 2023","2.836202"
"2023-10-31","31 Oct 2023","2.786781"
"2023-11-01","01 Nov 2023","2.775997"
"2023-11-02","02 Nov 2023","2.740920"
"2023-11-03","03 Nov 2023","2.724784"
"2023-11-06","06 Nov 2023","2.777658"
"2023-11-07","07 Nov 2023","2.767949"
"2023-11-08","08 Nov 2023","2.737315"
"2023-11-09","09 Nov 2023","2.747628"
"2023-11-10","10 Nov 2023","2.784014"
"2023-11-13","13 Nov 2023","2.817957"
"2023-11-14","14 Nov 2023","2.754682"
"2023-11-15","15 Nov 2023","2.723102"
"2023-11-16","16 Nov 2023","2.684709"
"2023-11-17","17 Nov 2023","2.670473"
"2023-11-20","20 Nov 2023","2.714789"
"2023-11-21","21 Nov 2023","2.700060"
"2023-11-22","22 Nov 2023","2.680453"
"2023-11-23","23 Nov 2023","2.744098"
"2023-11-24","24 Nov 2023","2.769420"
"2023-11-27","27 Nov 2023","2.720441"
"2023-11-28","28 Nov 2023","2.665145"
"2023-11-29","29 Nov 2023","2.544716"
"2023-11-30","30 Nov 2023","2.563935"
"2023-12-01","01 Dec 2023","2.469935"
"2023-12-04","04 Dec 2023","2.391140"
"2023-12-05","05 Dec 2023","2.377056"
"2023-12-06","06 Dec 2023","2.387779"
"2023-12-07","07 Dec 2023","2.338543"
"2023-12-08","08 Dec 2023","2.432686"
"2023-12-11","11 Dec 2023","2.408777"
"2023-12-12","12 Dec 2023","2.406338"
"2023-12-13","13 Dec 2023","2.374079"
"2023-12-14","14 Dec 2023","2.280642"
"2023-12-15","15 Dec 2023","2.252419"
"2023-12-18","18 Dec 2023","2.260095"
"2023-12-19","19 Dec 2023","2.219459"
"2023-12-20","20 Dec 2023","2.191100"
"2023-12-21","21 Dec 2023","2.157534"
"2023-12-22","22 Dec 2023","2.093225"
"2023-12-27","27 Dec 2023","2.088331"
"2023-12-28","28 Dec 2023","2.073626"
"2023-12-29","29 Dec 2023","2.104691"
"2024-01-02","02 Jan 2024","2.121127"
"2024-01-03","03 Jan 2024","2.125946"
"2024-01-04","04 Jan 2024","2.192272"
"2024-01-05","05 Jan 2024","2.274935"
"2024-01-08","08 Jan 2024","2.254996"
"2024-01-09","09 Jan 2024","2.262566"
"2024-01-10","10 Jan 2024","2.283861"
"2024-01-11","11 Jan 2024","2.273307"
"2024-01-12","12 Jan 2024","2.223231"
"2024-01-15","15 Jan 2024","2.260677"
"2024-01-16","16 Jan 2024","2.255926"
"2024-01-17","17 Jan 2024","2.369094"
"2024-01-18","18 Jan 2024","2.386747"
"2024-01-19","19 Jan 2024","2.383471"
"2024-01-22","22 Jan 2024","2.353380"
"2024-01-23","23 Jan 2024","2.388478"
"2024-01-24","24 Jan 2024","2.379727"
"2024-01-25","25 Jan 2024","2.321786"
"2024-01-26","26 Jan 2024","2.315646"
"2024-01-29","29 Jan 2024","2.247854"
"2024-01-30","30 Jan 2024","2.248712"
"2024-01-31","31 Jan 2024","2.191744"
"2024-02-01","01 Feb 2024","2.190568"
"2024-02-02","02 Feb 2024","2.275243"
"2024-02-05","05 Feb 2024","2.350620"
"2024-02-06","06 Feb 2024","2.359390"
"2024-02-07","07 Feb 2024","2.341984"
"2024-02-08","08 Feb 2024","2.406244"
"2024-02-09","09 Feb 2024","2.462212"
"2024-02-12","12 Feb 2024","2.452073"
"2024-02-13","13 Feb 2024","2.495195"
"2024-02-14","14 Feb 2024","2.511854"
"2024-02-15","15 Feb 2024","2.482547"
"2024-02-16","16 Feb 2024","2.571273"
"2024-02-19","19 Feb 2024","2.571803"
"2024-02-20","20 Feb 2024","2.529763"
"2024-02-21","21 Feb 2024","2.564128"
"2024-02-22","22 Feb 2024","2.612376"
"2024-02-23","23 Feb 2024","2.586581"
"2024-02-26","26 Feb 2024","2.638304"
"2024-02-27","27 Feb 2024","2.646339"
"2024-02-28","28 Feb 2024","2.657155"
"2024-02-29","29 Feb 2024","2.643105"
"2024-03-01","01 Mar 2024","2.642078"
"2024-03-04","04 Mar 2024","2.611148"
"2024-03-05","05 Mar 2024","2.576822"
"2024-03-06","06 Mar 2024","2.569846"
"2024-03-07","07 Mar 2024","2.571487"
"2024-03-08","08 Mar 2024","2.487575"
"2024-03-11","11 Mar 2024","2.526899"
"2024-03-12","12 Mar 2024","2.565025"
"2024-03-13","13 Mar 2024","2.568078"
"2024-03-14","14 Mar 2024","2.614635"
"2024-03-15","15 Mar 2024","2.646427"
"2024-03-18","18 Mar 2024","2.647446"
"2024-03-19","19 Mar 2024","2.618649"
"2024-03-20","20 Mar 2024","2.630063"
"2024-03-21","21 Mar 2024","2.596615"
"2024-03-22","22 Mar 2024","2.540577"
"2024-03-25","25 Mar 2024","2.583252"
"2024-03-26","26 Mar 2024","2.579704"
"2024-03-27","27 Mar 2024","2.520356"
"2024-03-28","28 Mar 2024","2.525628"
"2024-04-02","02 Apr 2024","2.565954"
"2024-04-03","03 Apr 2024","2.578341"
"2024-04-04","04 Apr 2024","2.533841"
"2024-04-05","05 Apr 2024","2.564774"
"2024-04-08","08 Apr 2024","2.597779"
"2024-04-09","09 Apr 2024","2.581551"
"2024-04-10","10 Apr 2024","2.628943"
"2024-04-11","11 Apr 2024","2.645145"
"2024-04-12","12 Apr 2024","2.537784"
"2024-04-15","15 Apr 2024","2.586838"
"2024-04-16","16 Apr 2024","2.621193"
"2024-04-17","17 Apr 2024","2.627420"
"2024-04-18","18 Apr 2024","2.647188"
"2024-04-19","19 Apr 2024","2.690894"
"2024-04-22","22 Apr 2024","2.653195"
"2024-04-23","23 Apr 2024","2.650837"
"2024-04-24","24 Apr 2024","2.716801"
"2024-04-25","25 Apr 2024","2.775686"
"2024-04-26","26 Apr 2024","2.731424"
"2024-04-29","29 Apr 2024","2.698664"
"2024-04-30","30 Apr 2024","2.775210"
"2024-05-02","02 May 2024","2.746926"
"2024-05-03","03 May 2024","2.678352"
"2024-05-06","06 May 2024","2.671892"
"2024-05-07","07 May 2024","2.656904"
"2024-05-08","08 May 2024","2.681299"
"2024-05-09","09 May 2024","2.695846"
"2024-05-10","10 May 2024","2.715900"
"2024-05-13","13 May 2024","2.701646"
"2024-05-14","14 May 2024","2.717232"
"2024-05-15","15 May 2024","2.655521"
"2024-05-16","16 May 2024","2.661866"
"2024-05-17","17 May 2024","2.714558"
"2024-05-20","20 May 2024","2.716747"
"2024-05-21","21 May 2024","2.699083"
"2024-05-22","22 May 2024","2.733612"
"2024-05-23","23 May 2024","2.801774"
"2024-05-24","24 May 2024","2.827260"
"2024-05-27","27 May 2024","2.764588"
"2024-05-28","28 May 2024","2.770044"
"2024-05-29","29 May 2024","2.832362"
"2024-05-30","30 May 2024","2.826624"
"2024-05-31","31 May 2024","2.820195"
"2024-06-03","03 Jun 2024","2.777473"
"2024-06-04","04 Jun 2024","2.724138"
"2024-06-05","05 Jun 2024","2.720287"
"2024-06-06","06 Jun 2024","2.767461"
"2024-06-07","07 Jun 2024","2.831946"
"2024-06-10","10 Jun 2024","2.835053"
"2024-06-11","11 Jun 2024","2.777444"
"2024-06-12","12 Jun 2024","2.723435"
"2024-06-13","13 Jun 2024","2.698659"
"2024-06-14","14 Jun 2024","2.541109"
"2024-06-17","17 Jun 2024","2.586249"
"2024-06-18","18 Jun 2024","2.586010"
"2024-06-19","19 Jun 2024","2.599901"
"2024-06-20","20 Jun 2024","2.619089"
"2024-06-21","21 Jun 2024","2.563346"
"2024-06-24","24 Jun 2024","2.602087"
"2024-06-25","25 Jun 2024","2.588816"
"2024-06-26","26 Jun 2024","2.607410"
"2024-06-27","27 Jun 2024","2.611752"
"2024-06-28","28 Jun 2024","2.603992"
"2024-07-01","01 Jul 2024","2.698187"
"2024-07-02","02 Jul 2024","2.705858"
"2024-07-03","03 Jul 2024","2.718538"
"2024-07-04","04 Jul 2024","2.715794"
"2024-07-05","05 Jul 2024","2.693667"
"2024-07-08","08 Jul 2024","2.659583"
"2024-07-09","09 Jul 2024","2.679771"
"2024-07-10","10 Jul 2024","2.667133"
"2024-07-11","11 Jul 2024","2.596623"
"2024-07-12","12 Jul 2024","2.629871"
"2024-07-15","15 Jul 2024","2.581967"
"2024-07-16","16 Jul 2024","2.557894"
"2024-07-17","17 Jul 2024","2.556117"
"2024-07-18","18 Jul 2024","2.534446"
"2024-07-19","19 Jul 2024","2.566464"
"2024-07-22","22 Jul 2024","2.569505"
"2024-07-23","23 Jul 2024","2.544948"
"2024-07-24","24 Jul 2024","2.510372"
"2024-07-25","25 Jul 2024","2.483527"
"2024-07-26","26 Jul 2024","2.477511"
"2024-07-29","29 Jul 2024","2.462315"
"2024-07-30","30 Jul 2024","2.398307"
"2024-07-31","31 Jul 2024","2.367979"
"2024-08-01","01 Aug 2024","2.334639"
"2024-08-02","02 Aug 2024","2.242948"
"2024-08-05","05 Aug 2024","2.101552"
"2024-08-06","06 Aug 2024","2.130932"
"2024-08-07","07 Aug 2024","2.226615"
"2024-08-08","08 Aug 2024","2.226396"
"2024-08-09","09 Aug 2024","2.190291"
"2024-08-12","12 Aug 2024","2.192654"
"2024-08-13","13 Aug 2024","2.156248"
"2024-08-14","14 Aug 2024","2.152850"
"2024-08-15","15 Aug 2024","2.237351"
"2024-08-16","16 Aug 2024","2.228148"
"2024-08-19","19 Aug 2024","2.232171"
"2024-08-20","20 Aug 2024","2.200617"
"2024-08-21","21 Aug 2024","2.167814"
"2024-08-22","22 Aug 2024","2.179303"
"2024-08-23","23 Aug 2024","2.196313"
"2024-08-26","26 Aug 2024","2.187601"
"2024-08-27","27 Aug 2024","2.211712"
"2024-08-28","28 Aug 2024","2.182225"
"2024-08-29","29 Aug 2024","2.158665"
"2024-08-30","30 Aug 2024","2.188983"
"2024-09-02","02 Sep 2024","2.235665"
"2024-09-03","03 Sep 2024","2.202656"
"2024-09-04","04 Sep 2024","2.146811"
"2024-09-05","05 Sep 2024","2.094142"
"2024-09-06","06 Sep 2024","2.094001"
"2024-09-09","09 Sep 2024","2.049292"
"2024-09-10","10 Sep 2024","2.038541"
"2024-09-11","11 Sep 2024","1.962855"
"2024-09-12","12 Sep 2024","1.997266"
"2024-09-13","13 Sep 2024","2.005245"
"2024-09-16","16 Sep 2024","2.011952"
"2024-09-17","17 Sep 2024","2.011456"
"2024-09-18","18 Sep 2024","2.056118"
"2024-09-19","19 Sep 2024","2.044110"
"2024-09-20","20 Sep 2024","2.057324"
"2024-09-23","23 Sep 2024","2.002597"
"2024-09-24","24 Sep 2024","1.944942"
"2024-09-25","25 Sep 2024","1.962683"
"2024-09-26","26 Sep 2024","1.911348"
"2024-09-27","27 Sep 2024","1.895782"
"2024-09-30","30 Sep 2024","1.904386"
"2024-10-01","01 Oct 2024","1.813945"
"2024-10-02","02 Oct 2024","1.875765"
"2024-10-03","03 Oct 2024","1.912499"
"2024-10-04","04 Oct 2024","1.985619"
"2024-10-07","07 Oct 2024","2.045545"
"2024-10-08","08 Oct 2024","2.062158"
"2024-10-09","09 Oct 2024","2.059212"
"2024-10-10","10 Oct 2024","2.073804"
"2024-10-11","11 Oct 2024","2.082960"
"2024-10-14","14 Oct 2024","2.071425"
"2024-10-15","15 Oct 2024","2.035425"
"2024-10-16","16 Oct 2024","1.989465"
"2024-10-17","17 Oct 2024","1.988949"
"2024-10-18","18 Oct 2024","1.933754"
"2024-10-21","21 Oct 2024","2.028600"
"2024-10-22","22 Oct 2024","2.034502"
"2024-10-23","23 Oct 2024","2.006038"
"2024-10-24","24 Oct 2024","1.979442"
"2024-10-25","25 Oct 2024","2.011871"
"2024-10-28","28 Oct 2024","1.980009"
"2024-10-29","29 Oct 2024","2.031428"
"2024-10-30","30 Oct 2024","2.108273"
"2024-10-31","31 Oct 2024","2.184111"
"2024-11-01","01 Nov 2024","2.137368"
"2024-11-04","04 Nov 2024","2.160018"
"2024-11-05","05 Nov 2024","2.164571"
"2024-11-06","06 Nov 2024","2.107231"
"2024-11-07","07 Nov 2024","2.111470"
"2024-11-08","08 Nov 2024","2.093796"
"2024-11-11","11 Nov 2024","2.042585"
"2024-11-12","12 Nov 2024","2.018564"
"2024-11-13","13 Nov 2024","2.057260"
"2024-11-14","14 Nov 2024","2.030694"
"2024-11-15","15 Nov 2024","2.054439"
"2024-11-18","18 Nov 2024","2.095703"
"2024-11-19","19 Nov 2024","2.050507"
"2024-11-20","20 Nov 2024","2.058920"
"2024-11-21","21 Nov 2024","2.010320"
"2024-11-22","22 Nov 2024","1.958050"
"2024-11-25","25 Nov 2024","1.924281"
"2024-11-26","26 Nov 2024","1.957178"
"2024-11-27","27 Nov 2024","1.931365"
"2024-11-28","28 Nov 2024","1.910768"
"2024-11-29","29 Nov 2024","1.852568"
"2024-12-02","02 Dec 2024","1.782956"
"2024-12-03","03 Dec 2024","1.815926"
"2024-12-04","04 Dec 2024","1.850856"
"2024-12-05","05 Dec 2024","1.902038"
"2024-12-06","06 Dec 2024","1.892846"
"2024-12-09","09 Dec 2024","1.880510"
"2024-12-10","10 Dec 2024","1.860140"
"2024-12-11","11 Dec 2024","1.839940"
"2024-12-12","12 Dec 2024","1.917278"
"2024-12-13","13 Dec 2024","1.941976"
"2024-12-16","16 Dec 2024","1.944178"
"2024-12-17","17 Dec 2024","1.937565"
"2024-12-18","18 Dec 2024","1.938242"
"2024-12-19","19 Dec 2024","1.987716"
"2024-12-20","20 Dec 2024","1.935027"
"2024-12-23","23 Dec 2024","1.973317"
"2024-12-24","24 Dec 2024","1.978672"
"2024-12-27","27 Dec 2024","2.003492"
"2024-12-30","30 Dec 2024","2.006105"
"2025-01-02","02 Jan 2025","1.994412"
"2025-01-03","03 Jan 2025","2.067695"
"2025-01-06","06 Jan 2025","2.135005"
"2025-01-07","07 Jan 2025","2.095370"
"2025-01-08","08 Jan 2025","2.132327"
"2025-01-09","09 Jan 2025","2.149679"
"2025-01-10","10 Jan 2025","2.210714"
"2025-01-13","13 Jan 2025","2.237996"
"2025-01-14","14 Jan 2025","2.272760"
"2025-01-15","15 Jan 2025","2.189956"
"2025-01-16","16 Jan 2025","2.216273"
"2025-01-17","17 Jan 2025","2.174403"
"2025-01-20","20 Jan 2025","2.180140"
"2025-01-21","21 Jan 2025","2.157578"
"2025-01-22","22 Jan 2025","2.157578"
"2025-01-23","23 Jan 2025","2.191481"
"2025-01-24","24 Jan 2025","2.241706"
"2025-01-27","27 Jan 2025","2.195172"
"2025-01-28","28 Jan 2025","2.199393"
"2025-01-29","29 Jan 2025","2.193851"
"2025-01-30","30 Jan 2025","2.132650"
"2025-01-31","31 Jan 2025","2.070316"
"2025-02-03","03 Feb 2025","1.999139"
"2025-02-04","04 Feb 2025","2.023396"
"2025-02-05","05 Feb 2025","2.010951"
"2025-02-06","06 Feb 2025","2.016953"
"2025-02-07","07 Feb 2025","2.025297"
"2025-02-10","10 Feb 2025","1.973470"
"2025-02-11","11 Feb 2025","2.033884"
"2025-02-12","12 Feb 2025","2.092729"
"2025-02-13","13 Feb 2025","2.042578"
"2025-02-14","14 Feb 2025","2.059839"
"2025-02-17","17 Feb 2025","2.091881"
"2025-02-18","18 Feb 2025","2.095010"
"2025-02-19","19 Feb 2025","2.151842"
"2025-02-20","20 Feb 2025","2.133698"
"2025-02-21","21 Feb 2025","2.065966"
"2025-02-24","24 Feb 2025","2.049246"
"2025-02-25","25 Feb 2025","2.038797"
"2025-02-26","26 Feb 2025","2.034577"
"2025-02-27","27 Feb 2025","1.997089"
"2025-02-28","28 Feb 2025","1.980531"
"2025-03-03","03 Mar 2025","2.047779"
"2025-03-04","04 Mar 2025","1.980209"
"2025-03-05","05 Mar 2025","2.201834"
"2025-03-06","06 Mar 2025","2.309937"
"2025-03-07","07 Mar 2025","2.254200"
"2025-03-10","10 Mar 2025","2.219541"
"2025-03-11","11 Mar 2025","2.235330"
"2025-03-12","12 Mar 2025","2.262728"
"2025-03-13","13 Mar 2025","2.229055"
"2025-03-14","14 Mar 2025","2.241593"
"2025-03-17","17 Mar 2025","2.219598"
"2025-03-18","18 Mar 2025","2.246586"
"2025-03-19","19 Mar 2025","2.214199"
"2025-03-20","20 Mar 2025","2.189252"
"2025-03-21","21 Mar 2025","2.165348"
"2025-03-24","24 Mar 2025","2.166398"
"2025-03-25","25 Mar 2025","2.178782"
"2025-03-26","26 Mar 2025","2.162261"
"2025-03-27","27 Mar 2025","2.121973"
"2025-03-28","28 Mar 2025","2.081202"
"2025-03-31","31 Mar 2025","2.051125"
"2025-04-01","01 Apr 2025","2.043450"
"2025-04-02","02 Apr 2025","2.044614"
"2025-04-03","03 Apr 2025","1.984258"
"2025-04-04","04 Apr 2025","1.852520"
"2025-04-07","07 Apr 2025","1.830718"
"2025-04-08","08 Apr 2025","1.949675"
"2025-04-09","09 Apr 2025","1.811057"
"2025-04-10","10 Apr 2025","1.881499"
"2025-04-11","11 Apr 2025","1.807385"
"2025-04-14","14 Apr 2025","1.826960"
"2025-04-15","15 Apr 2025","1.846414"
"2025-04-16","16 Apr 2025","1.800568"
"2025-04-17","17 Apr 2025","1.773183"
"2025-04-22","22 Apr 2025","1.745576"
"2025-04-23","23 Apr 2025","1.816324"
"2025-04-24","24 Apr 2025","1.746079"
"2025-04-25","25 Apr 2025","1.773686"
"2025-04-28","28 Apr 2025","1.798355"
"2025-04-29","29 Apr 2025","1.799266"
"2025-04-30","30 Apr 2025","1.758209"
"2025-05-02","02 May 2025","1.809580"
"2025-05-05","05 May 2025","1.806397"
"2025-05-06","06 May 2025","1.829470"
"2025-05-07","07 May 2025","1.785410"
"2025-05-08","08 May 2025","1.799486"
"2025-05-09","09 May 2025","1.841243"
"2025-05-12","12 May 2025","1.975566"
"2025-05-13","13 May 2025","1.976418"
"2025-05-14","14 May 2025","1.977598"
"2025-05-15","15 May 2025","1.945760"
"2025-05-16","16 May 2025","1.909926"
"2025-05-19","19 May 2025","1.895211"
"2025-05-20","20 May 2025","1.917209"
"2025-05-21","21 May 2025","1.928712"
"2025-05-22","22 May 2025","1.909957"
"2025-05-23","23 May 2025","1.823450"
"2025-05-26","26 May 2025","1.858923"
"2025-05-27","27 May 2025","1.855167"
"2025-05-28","28 May 2025","1.871880"
"2025-05-29","29 May 2025","1.844969"
"2025-05-30","30 May 2025","1.853493"
"2025-06-02","02 Jun 2025","1.870966"
"2025-06-03","03 Jun 2025","1.826121"
"2025-06-04","04 Jun 2025","1.869889"
"2025-06-05","05 Jun 2025","1.922547"
"2025-06-06","06 Jun 2025","1.943763"
"2025-06-09","09 Jun 2025","1.936566"
"2025-06-10","10 Jun 2025","1.905457"
"2025-06-11","11 Jun 2025","1.891342"
"2025-06-12","12 Jun 2025","1.871553"
"2025-06-13","13 Jun 2025","1.904928"
"2025-06-16","16 Jun 2025","1.903213"
"2025-06-17","17 Jun 2025","1.926799"
"2025-06-18","18 Jun 2025","1.907606"
"2025-06-19","19 Jun 2025","1.901165"
"2025-06-20","20 Jun 2025","1.908992"
"2025-06-23","23 Jun 2025","1.917747"
"2025-06-24","24 Jun 2025","1.920200"
"2025-06-25","25 Jun 2025","1.929522"
"2025-06-26","26 Jun 2025","1.893499"
"2025-06-27","27 Jun 2025","1.926569"
"2025-06-30","30 Jun 2025","1.926575"
"2025-07-01","01 Jul 2025","1.905575"
"2025-07-02","02 Jul 2025","1.941423"
"2025-07-03","03 Jul 2025","1.922722"
"2025-07-04","04 Jul 2025","1.884393"
"2025-07-07","07 Jul 2025","1.919106"
"2025-07-08","08 Jul 2025","1.959391"
"2025-07-09","09 Jul 2025","1.942375"
"2025-07-10","10 Jul 2025","1.967839"
"2025-07-11","11 Jul 2025","2.001199"
"2025-07-14","14 Jul 2025","1.976032"
"2025-07-15","15 Jul 2025","1.942961"
"2025-07-16","16 Jul 2025","1.929139"
"2025-07-17","17 Jul 2025","1.922956"
"2025-07-18","18 Jul 2025","1.940959"
"2025-07-21","21 Jul 2025","1.889879"
"2025-07-22","22 Jul 2025","1.872809"
"2025-07-23","23 Jul 2025","1.870439"
"2025-07-24","24 Jul 2025","1.975178"
"2025-07-25","25 Jul 2025","2.018072"
"2025-07-28","28 Jul 2025","1.971817"
"2025-07-29","29 Jul 2025","1.997888"
"2025-07-30","30 Jul 2025","2.017616"
"2025-07-31","31 Jul 2025","2.022455"
"2025-08-01","01 Aug 2025","1.970432"
"2025-08-04","04 Aug 2025","1.958297"
"2025-08-05","05 Aug 2025","1.960869"
"2025-08-06","06 Aug 2025","1.958024"
"2025-08-07","07 Aug 2025","1.971255"
"2025-08-08","08 Aug 2025","2.019772"
"2025-08-11","11 Aug 2025","2.025678"
"2025-08-12","12 Aug 2025","2.041677"
"2025-08-13","13 Aug 2025","1.992292"
"2025-08-14","14 Aug 2025","2.003641"
"2025-08-15","15 Aug 2025","2.031212"
"2025-08-18","18 Aug 2025","2.025722"
"2025-08-19","19 Aug 2025","2.021961"
"2025-08-20","20 Aug 2025","1.988914"
"2025-08-21","21 Aug 2025","2.030835"
"2025-08-22","22 Aug 2025","2.032502"
"2025-08-25","25 Aug 2025","2.049195"
"2025-08-26","26 Aug 2025","2.002390"
"2025-08-27","27 Aug 2025","1.982900"
"2025-08-28","28 Aug 2025","1.987869"
"2025-08-29","29 Aug 2025","1.996416"
"2025-09-01","01 Sep 2025","2.007360"
"2025-09-02","02 Sep 2025","2.040029"
"2025-09-03","03 Sep 2025","2.012363"
"2025-09-04","04 Sep 2025","2.001197"
"2025-09-05","05 Sep 2025","1.973801"
"2025-09-08","08 Sep 2025","1.957834"
"2025-09-09","09 Sep 2025","1.973578"
"2025-09-10","10 Sep 2025","1.979599"
"2025-09-11","11 Sep 2025","2.021850"
"2025-09-12","12 Sep 2025","2.057280"
"2025-09-15","15 Sep 2025","2.047979"
"2025-09-16","16 Sep 2025","2.050586"
"2025-09-17","17 Sep 2025","2.039537"
"2025-09-18","18 Sep 2025","2.053761"
"2025-09-19","19 Sep 2025","2.068389"
"2025-09-22","22 Sep 2025","2.063256"
"2025-09-23","23 Sep 2025","2.079035"
"2025-09-24","24 Sep 2025","2.069397"
"2025-09-25","25 Sep 2025","2.096248"
"2025-09-26","26 Sep 2025","2.083408"
"2025-09-29","29 Sep 2025","2.075205"
"2025-09-30","30 Sep 2025","2.069468"
"2025-10-01","01 Oct 2025","2.050146"
"2025-10-02","02 Oct 2025","2.069277"
"2025-10-03","03 Oct 2025","2.070311"
"2025-10-06","06 Oct 2025","2.057949"
"2025-10-07","07 Oct 2025","2.068603"
"2025-10-08","08 Oct 2025","2.036485"
"2025-10-09","09 Oct 2025","2.052694"
"2025-10-10","10 Oct 2025","2.033341"
"2025-10-13","13 Oct 2025","1.997677"
"2025-10-14","14 Oct 2025","1.985799"
"2025-10-15","15 Oct 2025","1.961301"
"2025-10-16","16 Oct 2025","1.966036"
"2025-10-17","17 Oct 2025","1.963093"
"2025-10-20","20 Oct 2025","1.965436"
"2025-10-21","21 Oct 2025","1.952420"
"2025-10-22","22 Oct 2025","1.961939"
"2025-10-23","23 Oct 2025","1.971955"
"2025-10-24","24 Oct 2025","2.021597"
"2025-10-27","27 Oct 2025","2.024274"
"2025-10-28","28 Oct 2025","2.021117"
"2025-10-29","29 Oct 2025","2.017755"
"2025-10-30","30 Oct 2025","2.041874"
"2025-10-31","31 Oct 2025","2.026207"
"2025-11-03","03 Nov 2025","2.040943"
"2025-11-04","04 Nov 2025","2.034450"
"2025-11-05","05 Nov 2025","2.036857"
"2025-11-06","06 Nov 2025","2.043669"
"2025-11-07","07 Nov 2025","2.049452"
"2025-11-10","10 Nov 2025","2.047784"
"2025-11-11","11 Nov 2025","2.046935"
"2025-11-12","12 Nov 2025","2.047678"
"2025-11-13","13 Nov 2025","2.076875"
"2025-11-14","14 Nov 2025","2.080873"
"2025-11-17","17 Nov 2025","2.090331"
"2025-11-18","18 Nov 2025","2.061074"
"2025-11-19","19 Nov 2025","2.065677"
"2025-11-20","20 Nov 2025","2.082935"
"2025-11-21","21 Nov 2025","2.052588"
"2025-11-24","24 Nov 2025","2.076157"
"2025-11-25","25 Nov 2025","2.067654"
"2025-11-26","26 Nov 2025","2.071694"
"2025-11-27","27 Nov 2025","2.073665"
"2025-11-28","28 Nov 2025","2.083508"
"2025-12-01","01 Dec 2025","2.118073"
"2025-12-02","02 Dec 2025","2.118701"
"2025-12-03","03 Dec 2025","2.108880"
"2025-12-04","04 Dec 2025","2.132702"
"2025-12-05","05 Dec 2025","2.146405"
"2025-12-08","08 Dec 2025","2.220960"
"2025-12-09","09 Dec 2025","2.220234"
"2025-12-10","10 Dec 2025","2.244923"
"2025-12-11","11 Dec 2025","2.228164"
"2025-12-12","12 Dec 2025","2.236498"
"2025-12-15","15 Dec 2025","2.219460"
"2025-12-16","16 Dec 2025","2.223350"
"2025-12-17","17 Dec 2025","2.212187"
"2025-12-18","18 Dec 2025","2.209051"
"2025-12-19","19 Dec 2025","2.232431"
"2025-12-22","22 Dec 2025","2.240250"
"2025-12-23","23 Dec 2025","2.231213"
"2025-12-24","24 Dec 2025","2.230587"
"2025-12-29","29 Dec 2025","2.187146"
"2025-12-30","30 Dec 2025","2.209921"
"2025-12-31","31 Dec 2025","2.212362"
"2026-01-02","02 Jan 2026","2.221379"
"2026-01-05","05 Jan 2026","2.224256"
"2026-01-06","06 Jan 2026","2.182541"
"2026-01-07","07 Jan 2026","2.164608"
"2026-01-08","08 Jan 2026","2.181471"
"2026-01-09","09 Jan 2026","2.185555"
"2026-01-12","12 Jan 2026","2.171853"
"2026-01-13","13 Jan 2026","2.175044"
"2026-01-14","14 Jan 2026","2.156998"
"2026-01-15","15 Jan 2026","2.164191"
"2026-01-16","16 Jan 2026","2.186565"
"2026-01-19","19 Jan 2026","2.155276"
"2026-01-20","20 Jan 2026","2.159147"
"2026-01-21","21 Jan 2026","2.160440"
"2026-01-22","22 Jan 2026","2.189870"
"2026-01-23","23 Jan 2026","2.211702"
"2026-01-26","26 Jan 2026","2.188920"
"2026-01-27","27 Jan 2026","2.182133"
"2026-01-28","28 Jan 2026","2.155835"
"2026-01-29","29 Jan 2026","2.139561"
"2026-01-30","30 Jan 2026","2.147653"
"2026-02-02","02 Feb 2026","2.165387"
"2026-02-03","03 Feb 2026","2.187045"
"2026-02-04","04 Feb 2026","2.164946"
"2026-02-05","05 Feb 2026","2.162026"
"2026-02-06","06 Feb 2026","2.142527"
"2026-02-09","09 Feb 2026","2.132210"
"2026-02-10","10 Feb 2026","2.118214"
"2026-02-11","11 Feb 2026","2.124356"
"2026-02-12","12 Feb 2026","2.114165"
"2026-02-13","13 Feb 2026","2.078605"
"2026-02-16","16 Feb 2026","2.086013"
"2026-02-17","17 Feb 2026","2.077012"
"2026-02-18","18 Feb 2026","2.091521"
"2026-02-19","19 Feb 2026","2.097896"
"2026-02-20","20 Feb 2026","2.096044"
"2026-02-23","23 Feb 2026","2.082865"
"2026-02-24","24 Feb 2026","2.078090"
"2026-02-25","25 Feb 2026","2.079484"
"2026-02-26","26 Feb 2026","2.076744"
"2026-02-27","27 Feb 2026","2.046709"
"2026-03-02","02 Mar 2026","2.100350"
"2026-03-03","03 Mar 2026","2.218011"
"2026-03-04","04 Mar 2026","2.177170"
"2026-03-05","05 Mar 2026","2.255065"
"2026-03-06","06 Mar 2026","2.317913"
"2026-03-09","09 Mar 2026","2.344011"
"2026-03-10","10 Mar 2026","2.271339"
"2026-03-11","11 Mar 2026","2.383615"
"2026-03-12","12 Mar 2026","2.410045"
"2026-03-13","13 Mar 2026","2.429118"
"2026-03-16","16 Mar 2026","2.402747"
"2026-03-17","17 Mar 2026","2.389558"
"2026-03-18","18 Mar 2026","2.463353"
"2026-03-19","19 Mar 2026","2.517302"
"2026-03-20","20 Mar 2026","2.637760"
"2026-03-23","23 Mar 2026","2.554401"
"2026-03-24","24 Mar 2026","2.615793"
"2026-03-25","25 Mar 2026","2.577115"
"2026-03-26","26 Mar 2026","2.650763"
"2026-03-27","27 Mar 2026","2.682612"
"2026-03-30","30 Mar 2026","2.620422"
"2026-03-31","31 Mar 2026","2.601274"
"2026-04-01","01 Apr 2026","2.568112"
"2026-04-02","02 Apr 2026","2.608888"
"2026-04-07","07 Apr 2026","2.676744"
"2026-04-08","08 Apr 2026","2.472705"
"2026-04-09","09 Apr 2026","2.557106"
"2026-04-10","10 Apr 2026","2.573355"
"2026-04-13","13 Apr 2026","2.612350"
"2026-04-14","14 Apr 2026","2.576447"
"2026-04-15","15 Apr 2026","2.532226"
"2026-04-16","16 Apr 2026","2.527496"
"2026-04-17","17 Apr 2026","2.445440"
"2026-04-20","20 Apr 2026","2.455862"
"2026-04-21","21 Apr 2026","2.490282"
"2026-04-22","22 Apr 2026","2.527649"
"2026-04-23","23 Apr 2026","2.565524"
"2026-04-24","24 Apr 2026","2.564632"
"2026-04-27","27 Apr 2026","2.557442"
"2026-04-28","28 Apr 2026","2.619940"
"2026-04-29","29 Apr 2026","2.688739"
"2026-04-30","30 Apr 2026","2.633111"
"2026-05-04","04 May 2026","2.664486"
"2026-05-05","05 May 2026","2.665751"
"2026-05-06","06 May 2026","2.553068"
"2026-05-07","07 May 2026","2.530515"
"2026-05-08","08 May 2026","2.552795"
"2026-05-11","11 May 2026","2.613396"
"2026-05-12","12 May 2026","2.687976"
"2026-05-13","13 May 2026","2.690092"
"2026-05-14","14 May 2026","2.639123"
"2026-05-15","15 May 2026","2.730610"
"2026-05-18","18 May 2026","2.681518"
"2026-05-19","19 May 2026","2.740417"
"2026-05-20","20 May 2026","2.715569"
"2026-05-21","21 May 2026","2.659836"
"2026-05-22","22 May 2026","2.623556"
"2026-05-25","25 May 2026","2.522045"
"2026-05-26","26 May 2026","2.576390"
"2026-05-27","27 May 2026","2.554951"
"2026-05-28","28 May 2026","2.567290"
"2026-05-29","29 May 2026","2.539960"
"2026-06-01","01 Jun 2026","2.619159"
"2026-06-02","02 Jun 2026","2.586409"
"2026-06-03","03 Jun 2026","2.625120"
"2026-06-04","04 Jun 2026","2.619697"
"2026-06-05","05 Jun 2026","2.643602"
"2026-06-08","08 Jun 2026","2.658996"
"2026-06-09","09 Jun 2026","2.645772"
"2026-06-10","10 Jun 2026","2.664832"
"2026-06-11","11 Jun 2026","2.627766"
"2026-06-12","12 Jun 2026","2.617544"
"2026-06-15","15 Jun 2026","2.546367"
"2026-06-16","16 Jun 2026","2.546713"
"2026-06-17","17 Jun 2026","2.549372"
"2026-06-18","18 Jun 2026","2.575988"
"2026-06-19","19 Jun 2026","2.608577"
"2026-06-22","22 Jun 2026","2.567699"
"2026-06-23","23 Jun 2026","2.532141"
"2026-06-24","24 Jun 2026","2.511095"
"2026-06-25","25 Jun 2026","2.495779"
"2026-06-26","26 Jun 2026","2.473590"
"2026-06-29","29 Jun 2026","2.494052"
"2026-06-30","30 Jun 2026","2.494246"
"2026-07-01","01 Jul 2026","2.498942"
"2026-07-02","02 Jul 2026","2.494571"
"2026-07-03","03 Jul 2026","2.519661"
"2026-07-06","06 Jul 2026","2.524487"
"2026-07-07","07 Jul 2026","2.571585"
"2026-07-08","08 Jul 2026","2.660588"
"2026-07-09","09 Jul 2026","2.656185"
"2026-07-10","10 Jul 2026","2.638182"
"2026-07-13","13 Jul 2026","2.680706"
"2026-07-14","14 Jul 2026","2.722641"
"2026-07-15","15 Jul 2026","2.724105"
"2026-07-16","16 Jul 2026","2.746813"
"2026-07-17","17 Jul 2026","2.743088"
"2026-07-20","20 Jul 2026","2.751633"
"2026-07-21","21 Jul 2026","2.788004"
"2026-07-22","22 Jul 2026","2.810876"
"2026-07-23","23 Jul 2026","2.851755"
"2026-07-24","24 Jul 2026","2.815514"
"2026-07-27","27 Jul 2026","2.765293"
"2026-07-28","28 Jul 2026","2.745618"
"2026-07-29","29 Jul 2026","2.771795"
"2026-07-30","30 Jul 2026","2.757314"
"2026-07-31","31 Jul 2026","2.797846"
"2026-08-03","03 Aug 2026","2.746253"
"2026-08-04","04 Aug 2026","2.691832"
"2026-08-05","05 Aug 2026","2.704555"
"2026-08-06","06 Aug 2026","2.712793"
"2026-08-07","07 Aug 2026","2.712786"
"2026-08-10","10 Aug 2026","2.768721"
"2026-08-11","11 Aug 2026","2.749863"
"2026-08-12","12 Aug 2026","2.736969"
"2026-08-13","13 Aug 2026","2.733494"
"2026-08-14","14 Aug 2026","2.766997"
"2026-08-17","17 Aug 2026","2.779831"
"2026-08-18","18 Aug 2026","2.830724"
"2026-08-19","19 Aug 2026","2.837266"
"2026-08-20","20 Aug 2026","2.837876"
"2026-08-21","21 Aug 2026","2.811479"
"2026-08-24","24 Aug 2026","2.841755"
"2026-08-25","25 Aug 2026","2.792455"
"2026-08-26","26 Aug 2026","2.798881"
"2026-08-27","27 Aug 2026","2.830697"
"2026-08-28","28 Aug 2026","2.850621"
"2026-08-31","31 Aug 2026","2.911384"
"2026-09-01","01 Sep 2026","2.931682"
"2026-09-02","02 Sep 2026","2.966228"
"2026-09-03","03 Sep 2026","2.932488"
"2026-09-04","04 Sep 2026","2.924321"
"2026-09-07","07 Sep 2026","2.964144"
"2026-09-08","08 Sep 2026","2.972266"
"2026-09-09","09 Sep 2026","3.031122"
